Project title,Slug,Collection ID,Locale ID,Item ID,Archived,Draft,Created On,Updated On,Published On,Project cover image,Highlighted text,IsHighlightedProject,Highlighted project tag (1),Project category,Project start date,Project end date,Project type,Project skills learnt,Project tags,Project short summary,Project gallery images,Project gallery images text,Project method image_LB,Project method image_LB text,Project method image_RB,Project method image_RB text,Project method text 1,Project method image_fullWidth,Project method image_fullWidth text,Project method text 2,Project video link,Project video text,Conclusion and future plans text
A floral wish,a-floral-wish,5f8af387824476d565e63bc5,653acf41e882f528b3e64bc3,61c18950cc90ef2fd29a5ca8,false,false,Tue Dec 21 2021 07:59:12 GMT+0000 (Coordinated Universal Time),Sun Jan 02 2022 15:50:32 GMT+0000 (Coordinated Universal Time),Sun Jan 02 2022 15:56:17 GMT+0000 (Coordinated Universal Time),https://uploads-ssl.webflow.com/5f3a5425e8f6c6802a74a1e2/61c9d9f2bd4cd25f6abf8965_98FF20D6-82FC-4FCA-8CB5-C7F493F02D97.JPG,"I have a dream, which entails working 4 days a week as an engineer and one day as a florist. I believe that one day of work without a computer screen in front of my nose would be super beneficial, for my own sanity and my creativity as well. Florist seems like an amazing job as it brings one closer to nature and facilitates interesting conversations between buyers and sellers. ",true,floral-art,flower-outline,Sun Aug 01 2021 00:00:00 GMT+0000 (Coordinated Universal Time),,part-time-work-3,planning,floral-art,"<p>I have a dream, which entails working 4 days a week as an engineer and one day as a florist. I believe that one day of work without a computer screen in front of my nose would be super beneficial, for my own sanity and my creativity as well. Florist seems like an amazing job as it brings one closer to nature and facilitates interesting conversations between buyers and sellers.</p>",,,,,,,,,,"<p>I have not started working towards realising this dream. Perhaps it could turn out to be something completely different. One thing I know for sure is that I would love to use my hands and do something practical/physical and plants were the first thing that came to mind, as I'd love to learn more about different species and feel a bit closer to nature by doing so. </p><p>To realize this dream, I think I would enjoy following a proper florist course! Perhaps in late 2022!</p>",,,
A social robot playpal for children,a-social-robot-playpal-for-children,5f8af387824476d565e63bc5,653acf41e882f528b3e64bc3,61c0ec068710c26590d86ba8,false,false,Mon Dec 20 2021 20:48:06 GMT+0000 (Coordinated Universal Time),Sun Jan 02 2022 14:15:55 GMT+0000 (Coordinated Universal Time),Sun Jan 02 2022 14:16:10 GMT+0000 (Coordinated Universal Time),https://uploads-ssl.webflow.com/5f3a5425e8f6c6802a74a1e2/61c9f5422534eb48f3278ab5_Screenshot%202021-12-27%20at%2018.17.39.png,The university course ''Social Robot Design'' required us to focus on creating a social playpal that would help lower children's iPad screen time. We created something that could communicate together with the iPad and would differ from standard screen time control applications. ,false,child-robot-interaction,design-outline,Fri Feb 01 2019 00:00:00 GMT+0000 (Coordinated Universal Time),Wed May 01 2019 00:00:00 GMT+0000 (Coordinated Universal Time),university-project,prototyping; usability-testing; co-design; interviewing; arduino; electronics,child-robot-interaction; programming; research; design; embodied-interaction,<p>The university course ''Social Robot Design'' required us to focus on creating a social playpal that would help lower children's iPad screen time. We created something that could communicate together with the iPad and would differ from standard screen time control applications.</p>,,,https://uploads-ssl.webflow.com/5f3a5425e8f6c6802a74a1e2/61d1b395ed093910629b80f1_socialplaypal2.jpg,Three different appearances as presented to the children for feedback. ,https://uploads-ssl.webflow.com/5f3a5425e8f6c6802a74a1e2/61d1b398d6d8ca15e8274560_socialplaypal.jpg,Figuring out the look for the playpal.,"<p>From scientific papers, we learnt that children of 5-7 years old have great affinity with toys and are fond of animals at this age: thus followed the idea to create an animal-like screen case. To determine the look, feel and behaviour of the case, we used multiple design methods such as <strong>paper </strong>and <strong>cardboard prototyping</strong>, <strong>acting out</strong>, <strong>interviewing </strong>and<strong> co-designing</strong>. We interviewed and had co-design sessions with 5-7 year olds, which was incredibly fun.</p><p>Children have opinions but do not always know how to express them. We took this into account by using an adjusted <strong>smiley-o-meter</strong> (with thumbs up and down). Small tricks like this helped the children feel more confident in their answers.</p>",https://uploads-ssl.webflow.com/5f3a5425e8f6c6802a74a1e2/61c9f5422534eb48f3278ab5_Screenshot%202021-12-27%20at%2018.17.39.png,The final prototype.,"<p>Furthermore, we asked children to portray various emotions by themselves and mimic these emotions on a cardboard prototype that we created. We performed these playtests to figure out if and how we should continue with our case build. An example of a surprising result was the way the children acted out the emotion sleepiness. We expected them to rub their eyes. However, they expressed sleepiness by hanging their head in their hands, and so we learnt from that and changed the robot's expressions and movements accordingly.</p><p>The final shape of the robot is a crossover between a teddy-bear and a frog-like appearance, with the fur fabric, which was most preferred. Using actuators and LCD's, we <strong>programmed</strong> sleepy, happy, angry and neutral behaviours for the robot.</p>",,,"<p>We tested out the <strong>low-fi prototype</strong> to see if children understood the robot's intentions/emotions while they were playing a game. The robot would be happy/neutral at first, become sleepy after the child played for too long and angry if the child didn't stop playing.</p><p>They attributed quite a lot of power to the robot, indicating that they would listen to it if it told them to stop and they could see it as being <strong>a friend</strong> of theirs. This finding is in line with other robot-research, that shows that children can quickly bond with robots.</p>"
Animation work,animation-work,5f8af387824476d565e63bc5,653acf41e882f528b3e64bc3,61c0f385540c56710efb0f09,false,false,Mon Dec 20 2021 21:20:05 GMT+0000 (Coordinated Universal Time),Tue Jan 04 2022 14:21:11 GMT+0000 (Coordinated Universal Time),Tue Jan 04 2022 14:30:20 GMT+0000 (Coordinated Universal Time),https://uploads-ssl.webflow.com/5f3a5425e8f6c6802a74a1e2/61d1a133eec246a2f85fe76b_Animation_crea_1.gif,"Animation can take an user experience to the next level, especially when used in the context of apps and websites. As a UX Designer, I therefore found it necessary to expand my skills in this area. I started off with an animation course at the summer school of CREA, in Amsterdam. Here, we focussed on Adobe Flash, which is not a relevant application anymore. I then went on to teach myself Adobe After Effects. I've created several small animations that have been used in apps from MoveLab Studio. ",false,design,design-outline,Thu Aug 01 2019 00:00:00 GMT+0000 (Coordinated Universal Time),Thu Aug 01 2019 00:00:00 GMT+0000 (Coordinated Universal Time),hobby,adobe-illustrator; bodymovin; lottie; adobe-after-effects; adobe-flash,design,"<p>Animation can take an user experience to the next level, especially when used in the context of apps and websites. As a UX Designer, I therefore found it necessary to expand my skills in this area. I started off with an animation course at the summer school of CREA, in Amsterdam. Here, we focussed on Adobe Flash, which is not a relevant application anymore. I then went on to teach myself Adobe After Effects. I've created several small animations that have been used in apps from MoveLab Studio.</p>",,,https://uploads-ssl.webflow.com/5f3a5425e8f6c6802a74a1e2/61c9e46659b75b3847f47f7e_9D221039-DC6C-442D-9D02-6AD3A81B4F0A.JPG,"A work in progress, using multiple programs.",https://uploads-ssl.webflow.com/5f3a5425e8f6c6802a74a1e2/61d45703da4c88847ae71e6c_29D221039-DC6C-442D-9D02-6AD3A81B4F0A_1.gif,"A self-illustrated skeleton that I managed to move using Adobe Illustrator, Adobe After Effects and Bodymovin.","<p>My biggest challenge concerning animation to date was creating explanatory animations for working out. I cannot write down too many details due to sensitive company information, but I was assigned to find out whether it was possible to create animations instead for working out. One of the pro's of using animation would be that it would not introduce inconsistencies such as video can, when the environment/lights/other factors differ.</p>",https://uploads-ssl.webflow.com/5f3a5425e8f6c6802a74a1e2/61d457554f6f9b150bef5438_fitness_machine_illustration_parts_Nynke.png,Separate body parts to create the skeleton.,"<p>I needed to create a skeleton of different body parts in separated layers in Adobe After Illustration, import this into Adobe After Effects and link all parts to the proper skeleton parts using this plugin. The different body parts could then be manipulated to move in a human-like manner using the plugin Bodymovin. Extremely interesting and fun to work with! After creating some movements, I used the Lottie plugin by AirBnB to create a JSON file (a very low in kB, text-based file) to import the animation into Android Studio, to be able to use it in the app. It took some trial and error and more plugins to get to the proper JSON file that could be understood by Android Studio, but I managed to get it to work! This felt like a huge victory, knowing that we could create these types of animations ourselves.</p>",https://youtu.be/TMFWpj_OKcE,"<p>The CREA animation course was a 5-day course where we'd work on different kind of animations (stop-motion, a flip-book, digitally drawn) from the morning until the end of the afternoon. In the end, everybody created one video completely made by them, which were strung together on a song. I opted for a psychedelic type of style that fitted the lyrics, although I have lost the original song that we used for it. It was a really fun experience to focus intensively on animation for a full week. &nbsp;The animation was created using Adobe Flash and the Sketchbook drawing application. I drew all elements myself, using a tablet.</p>","<p>I've created several small animations, such as loaders, that are included in apps of MoveLab Studio. Other work has been done just for fun, such as some animations that can be found on this website. I would love to do more animation work than I am doing currently! I really enjoy seeing work from different applications (Illustrator, After Effects, etc) and plugins come together to create a moving element in an app or website, that elevates an user experience.</p>"
Birthday calendar,birthday-calender,5f8af387824476d565e63bc5,653acf41e882f528b3e64bc3,61c0f5c5fcf529b899db27c5,false,false,Mon Dec 20 2021 21:29:41 GMT+0000 (Coordinated Universal Time),Sun Jan 02 2022 11:37:08 GMT+0000 (Coordinated Universal Time),Sun Jan 02 2022 13:07:35 GMT+0000 (Coordinated Universal Time),https://uploads-ssl.webflow.com/5f3a5425e8f6c6802a74a1e2/61c1a623442873096053b881_Screenshot%202021-12-21%20at%2011.01.34.png,"Let's be honest, the only reason you have not deleted Facebook yet, is because of the birthday notifications, right? I faced the same dilemma, hence why I created a birthday calendar, a typical Dutch thing to have in a typical Dutch fashion (digital drawings of birthday traditions). It works... but I still haven't deleted Facebook.",false,design,design-outline,Fri Nov 01 2019 00:00:00 GMT+0000 (Coordinated Universal Time),Wed Jul 01 2020 00:00:00 GMT+0000 (Coordinated Universal Time),hobby,adobe-fresco; adobe-illustrator; digital-drawing,design,"<p>Let's be honest, the only reason you have not deleted Facebook yet, is because of the birthday notifications, right? I faced the same dilemma, hence why I created a birthday calendar, a typical Dutch thing to have in a typical Dutch fashion (digital drawings of birthday traditions). It works... but I still haven't deleted Facebook.</p>",,,https://uploads-ssl.webflow.com/5f3a5425e8f6c6802a74a1e2/61c2e1bcb519eb22a12b5da8_kalenderverjaardag2.png,The monthly images.,https://uploads-ssl.webflow.com/5f3a5425e8f6c6802a74a1e2/61d18e593c449e04836198e7_calendar%20vierkant.jpg,Me holding the finished product for the first time!,"<p>A birthday calendar is a typical Dutch thing. It's a place where we note down all the birthdays of important people in our lives, in order not to forget them. Usually a calendar like this is found on people's toilets, but anywhere else is perfectly fine too.</p><p>The idea to use different birthday traditions seemed fun to me, so the calendar would be relatable to all Dutch people and could teach non-Dutchies who happen to visit the toilet a thing or two about our culture.</p><p>I used Adobe Fresco to draw all the images, and Adobe Illustrator to create the full calendar layout. I went through many iterations before I found the style I wanted to apply throughout the whole calendar. I made sure to work with a colour palette so the calendar would be cohesive. Besides that, little Easter eggs can be found in the calendar, where objects and people from different months are found back in other months.</p>",https://uploads-ssl.webflow.com/5f3a5425e8f6c6802a74a1e2/61d18d31601ecd34cbaa1fd0_IMG_9229.gif,Working on it!,,,,"<p>I've contacted HEMA whether they would consider adding this calendar to their inventory. I was very happy to hear that they loved the style of the calendar and believed it would fit their brand. Unfortunately, it turned out that HEMA works with in-house designers and outside contracts. It is not very easy for an independent creator to get their product into a store. However, I plan to put the calendar up for sale on Etsy and message other brands in the future!</p>"
A full bridal guest outfit,bridal-guest-outfit,5f8af387824476d565e63bc5,653acf41e882f528b3e64bc3,65830f71a4bb19b65f082250,false,false,Wed Dec 20 2023 15:59:45 GMT+0000 (Coordinated Universal Time),Thu Dec 28 2023 17:29:44 GMT+0000 (Coordinated Universal Time),Sun Feb 25 2024 15:59:08 GMT+0000 (Coordinated Universal Time),https://uploads-ssl.webflow.com/5f3a5425e8f6c6802a74a1e2/658dadf638cd3aca0660c192_bridalcovergif.gif,"In the spring of 2022, I was invited to a wedding in Chile. Having never been in South America before, let alone a wedding, I was incredibly excited to go! And because I couldn't contain my excitement, I channeled it into a quite ambitious project: creating the whole look all by myself, except for the shoes! This meant I used my clay skills for rings and earrings and sewing skills for a top, trousers, a (fake) leather bag and a blazer.",false,sewing,naai-outline,Tue Feb 01 2022 00:00:00 GMT+0000 (Coordinated Universal Time),Fri Apr 15 2022 00:00:00 GMT+0000 (Coordinated Universal Time),hobby,prototyping; pattern-making; clay-sculpting,sewing; design; do-it-yourself,"<p id="""">In the spring of 2022, I was invited to a wedding in Chile. Having never been in South America before, let alone a wedding, I was incredibly excited to go! And because I&nbsp;couldn't contain my excitement, I channeled it into a quite ambitious project: creating the whole look all by myself, except for the shoes! This meant I used my clay skills for rings and earrings and sewing skills for a top, trousers, a (fake) leather bag and a blazer.</p>",https://uploads-ssl.webflow.com/5f3a5425e8f6c6802a74a1e2/658d988d41b3758b252656ef_IMG_9468.JPG; https://uploads-ssl.webflow.com/5f3a5425e8f6c6802a74a1e2/658d98df6f7007cb92cd9fc3_IMG_5695.JPG; https://uploads-ssl.webflow.com/5f3a5425e8f6c6802a74a1e2/658d99050c962446525e12c1_IMG_5696.JPG; https://uploads-ssl.webflow.com/5f3a5425e8f6c6802a74a1e2/658d99080f2f680e3e57b1af_ringsgif.gif; https://uploads-ssl.webflow.com/5f3a5425e8f6c6802a74a1e2/658d9985cd9d5a68c718a975_IMG_8979.jpg; https://uploads-ssl.webflow.com/5f3a5425e8f6c6802a74a1e2/658d9999adc727c27b140fa8_2209462b-a495-42a8-88af-7316ac5fb4e3.jpg; https://uploads-ssl.webflow.com/5f3a5425e8f6c6802a74a1e2/658d9bf1a738c0b7291e365b_earrings.gif; https://uploads-ssl.webflow.com/5f3a5425e8f6c6802a74a1e2/658d9da7e7844e205d3b3ba5_Schermafbeelding%202023-12-28%20170812.png; https://uploads-ssl.webflow.com/5f3a5425e8f6c6802a74a1e2/658d9da74205f287544be3fe_Schermafbeelding%202023-12-28%20170400.png,A collection of all things that were created for this outfit. Only the shoes were bought (I'm not at that level (yet...)),https://uploads-ssl.webflow.com/5f3a5425e8f6c6802a74a1e2/658dacc5c7d6a88a820a3612_bridalll.gif,The full completed outfit.,,,"<p id="""">I used a dark blue satin - which apparently was even called ''bridal satin'' , the lady in the store told me - for the trousers and top. The trousers were big and flowy, the top tight and open in the back to balance the outfit out. The blazer was made with a thick beige linen so it wouldn't wrinkle easily. The lining of the blazer was made with the backside of the dark blue satin, so it wouldn't be overly shiny. </p><p id="""">As for the jewelry, I tried out a ''marbling'' effect for the first time for the earrings. This meant mixing white acrylic paint, gold leaf, translucent clay and white clay in different proportions. I love how some parts of the earring are a little bit see through and how it really got a marbling effect! Furthermore, I experimented with ''inlays'' for the first time - empty rings that I could then fill with my clay creations. I created a turqoise stone, a black and white tortoise shell effect and a checkered goldish/white pattern. </p><p id="""">Lastly, the bag was the finishing touch. The choice of brown fake leather matched the beige and blue perfectly in my opinion. Add on top of that a red lipstick, and I was all set! </p><p id="""">It took about 3 months to create the whole outfit and I was more than ready to wear it. But as it turnt out... I got COVID. So while I made it to Chile, I unfortunately had to skip the wedding.... The same thing happened to me a second time, when I wanted to wear it to another party! However, the third time was a charm and I got to wear it to the wedding party of a great work colleague of mine. Hallelujah! The curse was lifted.</p>",,,,,,
Classifying emotion elicited by failing form,classifying-emotion-elicited-by-failing-sign-up-forms,5f8af387824476d565e63bc5,653acf41e882f528b3e64bc3,61c18bae7a0ed73d91e71549,false,false,Tue Dec 21 2021 08:09:18 GMT+0000 (Coordinated Universal Time),Sat Jan 08 2022 10:16:47 GMT+0000 (Coordinated Universal Time),Sat Jan 08 2022 11:46:32 GMT+0000 (Coordinated Universal Time),https://uploads-ssl.webflow.com/5f3a5425e8f6c6802a74a1e2/61d964898b986e122e5159b0_failedformthumbnail.png,"Applications/websites don't always run as smoothly as desired, which can elicit negative emotions in its users. The field of Human Computer Interaction might be able to benefit from taking the affective state of the user into account during their interactions, to soften such blows. Measuring a user's emotion will, undeniably, raise some ethical questions. In this machine learning project, we focussed on trying to classify the emotions of 20 participants in relation to a two-time failed sign up process.",false,machine-learning,program-outline,Fri Feb 01 2019 00:00:00 GMT+0000 (Coordinated Universal Time),Sat Jun 01 2019 00:00:00 GMT+0000 (Coordinated Universal Time),university-project,python; usability-testing,affective-computing; machine-learning; programming; research,"<p>Applications/websites don't always run as smoothly as desired, which can elicit negative emotions in its users. The field of Human Computer Interaction might be able to benefit from taking the affective state of the user into account during their interactions, to soften such blows. Measuring a user's emotion will, undeniably, raise some ethical questions. In this machine learning project, we focussed on trying to classify the emotions of 20 participants in relation to a two-time failed sign up process.</p>",,,https://uploads-ssl.webflow.com/5f3a5425e8f6c6802a74a1e2/61d963089e55382c6ac3990f_form.jpg,The failing form that users filled in 3 times before it succeeded. They filled it in under the pretence of joining a different kind of study.,,,"<p>Previous papers have identified annoying factors in HCI, such as persistent pop-ups. With this university project, we tried to determine whether negative emotions, caused by annoying factors, can actually be measured. As mentioned briefly, participants of our experiment had to fill-in a sign up form that failed two times before succeeding, making them lose their information two times. We had several questions with regards to participants' emotions during this experience, such as: ""How accurately can heart rate, galvanic skin response (sweat) and action units (sets of facial muscles) classify disappointment and frustration?'' and ''Which measurement (combination) works best in differing these emotions?''</p><p>We assumed that users would feel disappointment on the first time of losing their information and frustration after the second time. We made them fill in a post session questionnaire to test this assumption and verify a ground truth. We also measured their action units, heart rate and galvanic skin response during the experiment and used these features in various machine learning algorithms to classify between feelings of a neutral state (i.e. their state before starting to fill in the form), their ''after'' first submit state and ''after'' second submit state.</p><p>After data collection, we trained five machine learning models: Decision Trees (standard, random forests, LightGBM), Support Vector Machines and Logistic Regression. We made sure that we divided the data into training (75%) and test (25%) data in a fair way, using StratifiedShuffleSplit for a balanced test set. Our final tables and confusion matrices can be found in the paper, following this <a href=""https://www.researchgate.net/publication/335158621_Classification_of_Disappointment_and_Frustration_Elicited_by_Human-Computer_Interaction_Towards_Affective_HCI"">link</a>.</p>",,,,,,"<p>Picard, a researcher in the HCI field, proposed that taking a user's affective state into account and making an application respond to this accordingly, could soften or avoid negative states in a user. While we don't have an answer on whether this is the way to go or not, we looked into whether at least these affective states could be measured. Our results show that the neutral, first submit and second submit state of users could be distinguished from each other with an accuracy of 64% using Support Vector Machine and Logistic Regression classifiers. Furthermore, the results show that a combination of physiological (GSR and HR) and facial expression features (AU) yield the best accuracy, i.e. better than classifying by separating these from each other. GSR was the most important feature in our models.</p><p>As for the separate states, the neutral state was by far the easiest to classify correctly. Distinguishing between disappointment and frustration was harder, as these emotions are more similar and blended together for our users. From our post-session questionnaire, we knew that there were differences between the motions that were felt after the first and second submit. While the self-reported emotions felt after the first submit included confusion, neutral and disappointment, the emotions after the second submit included frustration too, instead of neutral. This does indicate the users felt more frustrated after the second than the first submit, proving our assumption.</p><p>Obviously, the accuracy of our model is something to be improved upon: our dataset was quite small, we did not explore all the different action units that we measured and there are more algorithms out there to try out. However, the project taught me a lot about processing data on emotion, something I'd never done before. It was quite challenging to make sure that the measurements were taken from the right timestamps of each participant and combined correctly with each other. This project definitely proved what you always hear when it comes to data science/machine learning projects: most time is spent on pre-processing the data.</p>"
Clay earrings,clay-earrings,5f8af387824476d565e63bc5,653acf41e882f528b3e64bc3,61c186f7df617db3a6f9b9c7,false,false,Tue Dec 21 2021 07:49:11 GMT+0000 (Coordinated Universal Time),Mon Apr 10 2023 11:07:01 GMT+0000 (Coordinated Universal Time),Sat Oct 28 2023 12:04:03 GMT+0000 (Coordinated Universal Time),https://uploads-ssl.webflow.com/5f3a5425e8f6c6802a74a1e2/61c19bb7eacaeb5bff57fe81_Screenshot%202021-12-21%20at%2010.12.22.jpg,"Inspired by small businesses on Instagram, I tried my hand at claying earrings. The colour/shape/pattern combinations are endless, which is overwhelming and great at once. It is one of my multiple hobbies that help me to spend less time on a computer screen and be more present in the moment. I even launched a little collection of earrings in the summer of 2021.",false,do-it-yourself,naai-outline,Fri Nov 01 2019 00:00:00 GMT+0000 (Coordinated Universal Time),Sat Jan 01 2022 00:00:00 GMT+0000 (Coordinated Universal Time),freelance,fusion360; adobe-after-effects; marketing; clay-sculpting,design; do-it-yourself; 3d-printing,"<p>Inspired by small businesses on Instagram, I tried my hand at claying earrings. The colour/shape/pattern combinations are endless, which is overwhelming and great at once. It is one of my multiple hobbies that help me to spend less time on a computer screen and be more present in the moment. I even launched a little collection of earrings in the summer of 2021.</p>",https://uploads-ssl.webflow.com/5f3a5425e8f6c6802a74a1e2/61c2e21b31ccab1aebe71260_clay_earring_design_Nynke.PNG; https://uploads-ssl.webflow.com/5f3a5425e8f6c6802a74a1e2/61c2e21cad2aa7651e727703_clay_earring_design_clay_Nynke.JPG; https://uploads-ssl.webflow.com/5f3a5425e8f6c6802a74a1e2/61c2e21cda2253198e05d96e_clay_earring_3d_Nynke.jpeg; https://uploads-ssl.webflow.com/5f3a5425e8f6c6802a74a1e2/61c9ea3864049f4d5558f11b_IMG_9015.jpg; https://uploads-ssl.webflow.com/5f3a5425e8f6c6802a74a1e2/61c9ea42b9e99bca4236a030_IMG_1459.JPG; https://uploads-ssl.webflow.com/5f3a5425e8f6c6802a74a1e2/61c9ea4564027f720a106907_29995497-A299-4E8D-A553-6A551DE51884.JPG,These gallery pictures include some pictures of the process in making earrings. Next to that are a handful of designs I created over the years. ,,,,,,https://uploads-ssl.webflow.com/5f3a5425e8f6c6802a74a1e2/61c19bb7eacaeb5bff57fe81_Screenshot%202021-12-21%20at%2010.12.22.jpg,A close up of earrings that I've made and sold.,"<p>When I started to make earrings, it was mostly because I found the ones on Instagram too pricy. They'd have to be flown in from the USA, Hawaii or Australia which added on massive extra costs. So I gave it a try! And I wanted to give it a good try<em>. </em>Which meant polishing my <strong>3D modelling skills</strong>, <strong>3D printing</strong> the designs at home, conditioning the clay, cleaning and polishing it at the end and putting them together to create the final result.</p>",https://youtu.be/-F10UX54-pk,"<p>In 2021, I created a mini summer collection of earrings. The five ready-made pairs of earrings were sold through Instagram within 24 hours, even leading to some additional orders that were made afterwards. The promo video was created with After Effects, shot and edited by me. I wanted to work on my After Effects skills and this project was a good motivator to do so.</p>","<p>I plan to create a few more mini collection of earrings, although it does not have a priority right now. It brings me a lot of joy, but is a time consuming process next to a full time job.</p>"
Clay jewelry | part 2,clay-jewelry-part-2,5f8af387824476d565e63bc5,653acf41e882f528b3e64bc3,6433e26d4dcd20765ec3c931,false,false,Mon Apr 10 2023 10:18:21 GMT+0000 (Coordinated Universal Time),Mon Apr 10 2023 11:11:39 GMT+0000 (Coordinated Universal Time),Sat Oct 28 2023 12:04:03 GMT+0000 (Coordinated Universal Time),https://uploads-ssl.webflow.com/5f3a5425e8f6c6802a74a1e2/6433e96574fe2805f6e57fa5_websitefront2.jpg,"Creating clay jewelry remains one of my hobies, hence this little update post. Since 2022, I have tried out many more techniques, colourways and types of medium (making gradients, combining clay with resin, paint, gold leaf, etcetera). My creations are a lot more clean in their finish as well. I'm pretty much picking out my outfits around my own-made jewelry these days, that's how much I love it!",true,design,naai-outline,Sat Jan 01 2022 00:00:00 GMT+0000 (Coordinated Universal Time),,hobby,fusion360; clay-sculpting,do-it-yourself; design; 3d-printing,"<p id="""">Creating clay jewelry remains one of my hobies, hence this little update post. Since 2022, I have tried out many more techniques, colourways and types of medium (making gradients, combining clay with resin, paint, gold leaf, etcetera). My creations are a lot more clean in their finish as well. I'm pretty much picking out my outfits around my own-made jewelry these days, that's how much I love it!</p><p id="""">‍</p>",https://uploads-ssl.webflow.com/5f3a5425e8f6c6802a74a1e2/6433e170443cd211ceb39272_15.jpg; https://uploads-ssl.webflow.com/5f3a5425e8f6c6802a74a1e2/6433e16f02e302307f947f51_14.jpg; https://uploads-ssl.webflow.com/5f3a5425e8f6c6802a74a1e2/6433e1702bb6b47327afd517_13.jpg; https://uploads-ssl.webflow.com/5f3a5425e8f6c6802a74a1e2/6433e16f92ccec6bc23fed46_12.jpg; https://uploads-ssl.webflow.com/5f3a5425e8f6c6802a74a1e2/6433e170ab91bb9a65a60a96_11.jpg; https://uploads-ssl.webflow.com/5f3a5425e8f6c6802a74a1e2/6433e16f1ddcb00dc7f6a5c4_10.jpg; https://uploads-ssl.webflow.com/5f3a5425e8f6c6802a74a1e2/6433e16e3dc67114cba9fe30_9.jpg; https://uploads-ssl.webflow.com/5f3a5425e8f6c6802a74a1e2/6433e16d6792dfd769c19e80_8.jpg; https://uploads-ssl.webflow.com/5f3a5425e8f6c6802a74a1e2/6433e16c1b65331facbe403f_7.jpg; https://uploads-ssl.webflow.com/5f3a5425e8f6c6802a74a1e2/6433e16ca50b9c69ac74f6a9_6.jpg; https://uploads-ssl.webflow.com/5f3a5425e8f6c6802a74a1e2/6433e16da50b9c3c2a74f6cd_5.jpg; https://uploads-ssl.webflow.com/5f3a5425e8f6c6802a74a1e2/6433e16d545aff4f1cfda4be_4.jpg; https://uploads-ssl.webflow.com/5f3a5425e8f6c6802a74a1e2/6433e16dac66a491a002e1a4_3.jpg; https://uploads-ssl.webflow.com/5f3a5425e8f6c6802a74a1e2/6433e16c74fe2818a7e4edc7_2.jpg; https://uploads-ssl.webflow.com/5f3a5425e8f6c6802a74a1e2/6433e16d562f38801b1d1ebf_1.jpg,Some of my creations since 2022.,,,,,,https://uploads-ssl.webflow.com/5f3a5425e8f6c6802a74a1e2/6433ebc8d2cec3617dd20d46_plusrings.jpg,"A collage of some necklaces, rings and earrings that I've made.","<p id="""">What I love about clay is that it allows you to literally create anything. I started by just making earrings, but I've learnt to go beyond that. For example, I've been experimenting with inlays, which means embedding the clay in ring or necklace structures. It's extremely fun to make a little set of jewelry that all fits together in terms of colours and style. Furthermore, one of my favourite things I've discovered is resin. The shine of the epoxy really takes the earrings to the next level. </p><p id="""">Feel free to check out my earlier earrings, amongst which a little promo video of a mini collection and some behind the scenes 3D-printing, by clicking <a id="""" href=""http://www.nynkezwart.com/projects/clay-earrings"">here</a>! </p><p id="""">I'm also looking into commissions and another mini collection in the future. It's something I would love to do.</p>",,,
Creating an AR sports application,creating-and-testing-an-ar-sports-application,5f8af387824476d565e63bc5,653acf41e882f528b3e64bc3,61c189f80d051bfa9bff1727,false,false,Tue Dec 21 2021 08:02:00 GMT+0000 (Coordinated Universal Time),Sat Jan 08 2022 11:51:59 GMT+0000 (Coordinated Universal Time),Sat Jan 08 2022 11:52:25 GMT+0000 (Coordinated Universal Time),https://uploads-ssl.webflow.com/5f3a5425e8f6c6802a74a1e2/61d97ad945d32b52fed88ddd_Screenshot%202022-01-08%20at%2012.51.41.png,"For my Artificial Intelligence bachelor thesis, I created an Augmented Reality programme for sports exercises. I wanted to see whether an AR sports application could benefit user's sporting, by using gamification approaches. My results showed that scores on game flow and the duration of the workout were significantly higher for the gamified group versus the baseline group.",false,programming,program-outline,Mon Jan 01 2018 00:00:00 GMT+0000 (Coordinated Universal Time),Fri Jun 01 2018 00:00:00 GMT+0000 (Coordinated Universal Time),university-bachelor-thesis,kinect; unity; c; vuforia,hardware-to-software; programming; ux-design; research,"<p>For my Artificial Intelligence bachelor thesis, I created an Augmented Reality programme for sports exercises. I wanted to see whether an AR sports application could benefit user's sporting, by using gamification approaches. My results showed that scores on game flow and the duration of the workout were significantly higher for the gamified group versus the baseline group.</p>",,,,,,,,https://uploads-ssl.webflow.com/5f3a5425e8f6c6802a74a1e2/61ca0b26bece617c338734b9_Screenshot%202021-12-27%20at%2019.47.24.png,Picture of the experiment set up.,"<p>While many games related to sports exist, the AR approach hasn't been used often. I wanted to research whether the AR application that I created could heighten the motivation of users, amongst other factors. I studied multiple gamification approaches, such as BLAP gamification, meaningful gamification, Game Flow and Self Determination theory. I used these theories to shape my application, which was created using Unity (building software), Vuforia (AR plugin) and a Kinect (for detecting and following a user's skeleton).</p><p>I created two versions of the application: a baseline exercise program (BEP) and a gamified exercise program (GEP). The gamified program was enhanced with collecting coins during movements and getting score boosts at certain points, amongst other things. The programs were both tested out by randomly assigned participant groups (N=20 for each group). In both groups, participants would have to perform a pre-determined set of exercises. They didn't know how many exercises there were in total. They were also in full control over when they wanted to go to the next exercise, by using the voice command ''next''. Saying ''stop'' stopped the program completely. User's were free in stopping whenever they wanted. &nbsp;The total time of doing sports was recorded by the researcher. The participants also had to fill in multiple questionnaires, on sports motivation, sports emotion and game flow criteria.</p>",https://www.youtube.com/watch?v=mrVWC8WKl7w,<p>This video explains in short what my thesis entailed. It shows video examples of the execution of the program as well.</p>,"<p>The results showed that scores on game flow and the duration of the workout were significantly higher for the gamified exercise program group. Difference in mood/emotion turned out not to be significant between the two groups. Additional research on the effects of being intrinsically or extrinsically motivated could unfortunately not be researched, because of skewed distributions (only 5 out of 40 participants were extrinsically motivated).</p><p>In the end, I feel proud of this thesis because I had complete ownership over everything, from creating the game to collecting participants to analysing the results. It was challenging to learn new skills all by myself and accomplishing that felt great!</p>"
Designing a company logo,designing-a-company-logo,5f8af387824476d565e63bc5,653acf41e882f528b3e64bc3,61c0f68c55c40e77b0a94ba5,false,false,Mon Dec 20 2021 21:33:00 GMT+0000 (Coordinated Universal Time),Tue Jan 04 2022 14:29:54 GMT+0000 (Coordinated Universal Time),Tue Jan 04 2022 14:30:20 GMT+0000 (Coordinated Universal Time),https://uploads-ssl.webflow.com/5f3a5425e8f6c6802a74a1e2/61ca06f97af870e3e51c36ce_movelab.png,"MoveLab Studio is a hardware/software company that was founded in 2021. I was amongst its first employees and took the task upon me, together with a colleague, to create the logo for the company. ",false,design,design-outline,Mon Feb 01 2021 00:00:00 GMT+0000 (Coordinated Universal Time),Thu Apr 01 2021 00:00:00 GMT+0000 (Coordinated Universal Time),full-time-work,design-iteration; client-communication; logo-design; corporate-identity; adobe-illustrator,design,"<p>MoveLab Studio is a hardware/software company that was founded in 2021. I was amongst its first employees and took the task upon me, together with a colleague, to create the logo for the company.</p>",,,https://uploads-ssl.webflow.com/5f3a5425e8f6c6802a74a1e2/61c9f3636637241763f83a0f_FirstLogosAI-01.png,These are some early designs of the logo,,,"<p>The logo for MoveLab Studio (shortened: MoveLab) needed to convey several things: a trustworthy brand, a young brand, a professional brand. The logo also needed to hint to the name itself, as the company creates digital products for fitness machines. A certain notion of movement thus needed to be contained within the logo.</p><p>I read the book Logo Design Love: A Guide to Creating Iconic Brand Identities by David Airey as a guideline for the process of working on logos. It taught me many things, such as interviewing important people at the company, creating association word webs to describe the company and beyond (be creative!), starting to design in B&amp;W before adding colour, how to present your ideas... etcetera. His advice made me follow a structured path.</p><p>Mostly, the creation of this logo taught me that iteration is key: a lot of logos were tried out, iterated upon and discarded. It also taught me that prejudices on what a logo ''should look like'' for a certain type of company, do not necessarily always work. For example, I took the approach of big bold, caps lock letters to begin with. I thought that that was what represented movement well.</p>",https://uploads-ssl.webflow.com/5f3a5425e8f6c6802a74a1e2/61c9f27b702a542a1df70be2_Screenshot%202021-12-27%20at%2018.05.43.png,Here is a collection of usage variations of the final design,"<p> In the end it turned out that a combination of upper and lower case fitted MoveLab better, it did not need to be as ''loud''. This is because MoveLab's products support other companies products instead of trying to sell something on their own. Furthermore, the movement is still captured by the portrayal of the ''M'', with it's 45 degree skew.</p><p>A lot of colour palettes were tried out before settling with a young, fresh, bright green colour and trustworthy blue. These colours also proved to be very flexible in terms of dark and light modes, creating gradients, readability, and so on.</p><p>The font that we decided, Mulish, was also slightly modified to fit in with the ''M''. We added little details such as a 45 degree cut on the bottom of the ''L'', and a little change of the ''e'' to give it a longer bottom, flat on the ''ground'' instead of curving back up. We went into a lot more detail than most people would even recognize in the logo at a first glance.</p>",,,"<p>And last but not least, a crucial part of the process is convincing people of your vision. My colleague and I needed to convince both of our bosses of our design. We did experience what was written in the design book, namely that non-designers can start giving their own input and expect you to try out their suggestions, even when you know they won't work. Therefore, it's important to recognise that you need to convince people that they should trust you, as you are the designer. </p><p>In our last presentation of the final designs, we presented confidently, stood our ground, believed in our vision and it paid off. Our bosses were very happy with the final product and in the meanwhile we have added the logo everywhere, including an awesome neon sign on our office wall.</p><p>‍</p>"
Non-verbal graphical user interfaces,designing-for-non-verbal-graphical-user-interfaces,5f8af387824476d565e63bc5,653acf41e882f528b3e64bc3,61c0dd9c9db5fee0b2a5f611,false,false,Mon Dec 20 2021 19:46:36 GMT+0000 (Coordinated Universal Time),Tue Jan 04 2022 19:04:21 GMT+0000 (Coordinated Universal Time),Tue Jan 04 2022 19:04:47 GMT+0000 (Coordinated Universal Time),https://uploads-ssl.webflow.com/5f3a5425e8f6c6802a74a1e2/61d499f47c9cf15082906190_Screenshot%202022-01-04%20at%2020.03.06.png,"Non-verbal behaviour is the most crucial aspect of communication. This fact is mostly ignored by modern day social messaging applications. I designed several solutions that might bridge this gap between real life- and social media interactions, while staying close to the current design of the mobile phone.",false,embodied-interaction,design-outline,Mon Apr 01 2019 00:00:00 GMT+0000 (Coordinated Universal Time),Sat Jun 01 2019 00:00:00 GMT+0000 (Coordinated Universal Time),university-project,concepting,embodied-interaction; design; human-computer-interaction; research,"<p>Non-verbal behaviour is the most crucial aspect of communication. This fact is mostly ignored by modern day social messaging applications. I designed several solutions that might bridge this gap between real life- and social media interactions, while staying close to the current design of the mobile phone.</p>",,,https://uploads-ssl.webflow.com/5f3a5425e8f6c6802a74a1e2/61d4998cb4441d7c509cef47_convos-02.jpg,"Translating closeness. The longer an active conversation lasts, the closer the text boxes move towards each other.",https://uploads-ssl.webflow.com/5f3a5425e8f6c6802a74a1e2/61d49992ffcdec46edab9e44_convos-03.jpg,The space between the text messages can give insight into relative response time.,"<p>With social media ever present, many of our daily conversations are held via text messaging services. However, the interactions are said to be lacking in ''richness''. Through <strong>ethnographic research</strong> on social and mobile interactions (both interviews and videos), I identified <strong>attentiveness, timing and expressiveness</strong> as important non-verbal behaviour sets.</p><p>I used components from these sets - such as forward leaning and facial animation - to create new concepts for text messaging GUI's, that <strong>leverage our body knowledge</strong>. Text boxes take on new meanings by posing as users' own bodies.</p><p>The proposed design ideas support <strong>participatory sensemaking</strong> by making control and coordination of movements of the text boxes possible.</p><p>My ideas propose <strong>a new perspective</strong> on the use of <strong>embodiment</strong> by keeping representations compact and avoiding the addition of extra physical components, which often happens in the field of Embodied Interaction. There was insufficient time during the course project to fully test users' understanding of all the different concepts.</p>",https://uploads-ssl.webflow.com/5f3a5425e8f6c6802a74a1e2/61d499972e082c4cd691995b_convos-04.jpg,"When both persons are online at the same moment in the same chat, the boxes will turn towards each other to indicate attention towards each other. See video below for a real-time preview.",,https://www.youtube.com/watch?v=pGxu8eu2nB0,"<p>On text messaging services, it can happen that you see your conversational partner as online and are waiting patiently for an answer, while they are actually answering different people. In this concept, the text boxes will turn towards each other as soon as both people are online and present in the same chat. This skewness can be manually changed to reflect the level of attention that you have at this moment.</p>",
Flight trajectory calculator,flight-trajectory-calculator,5f8af387824476d565e63bc5,653acf41e882f528b3e64bc3,61c996ae46ef2dce7b9393cb,false,false,Mon Dec 27 2021 10:34:22 GMT+0000 (Coordinated Universal Time),Fri Jan 07 2022 09:09:04 GMT+0000 (Coordinated Universal Time),Fri Jan 07 2022 21:37:16 GMT+0000 (Coordinated Universal Time),https://uploads-ssl.webflow.com/5f3a5425e8f6c6802a74a1e2/61d801a4174657db8ade23a5_Screenshot%202022-01-07%20at%2010.02.16.png,This is a personal project for which I challenged myself to create an iOS application. A relative told me how he was tired of calculating certain airplane calculations using paper methods. He wanted a quick way of inputting values. It was a good drive for me to create this calculator app. ,true,object-oriented-programming,program-outline,Wed Sep 01 2021 00:00:00 GMT+0000 (Coordinated Universal Time),,hobby,swift; storyboards; xcode,ux-design; programming; object-oriented-programming,<p>This is a personal project for which I challenged myself to create an iOS application. A relative told me how he was tired of calculating certain airplane calculations using paper methods. He wanted a quick way of inputting values. It was a good drive for me to create this calculator app.</p>,,,https://uploads-ssl.webflow.com/5f3a5425e8f6c6802a74a1e2/61c9f1fd3eeb4b69ebb289de_Screenshot%202021-12-27%20at%2018.03.18.png,A screenshot of the design process. ,,,"<p>This app was great to create as it allowed me to learn by doing, with a specified goal. I started with creating the designs for the app. I then set up a GitHub repository as I wanted to do this the ‘’proper way’’, documenting it and saving it online. After that I implemented all the calculations (three types: Wind Calculation / Dead Reckoning / Flight Preparation) and wrote tests for them to make sure they were correct and could handle edge cases. With this done, I started implementing the designs. I had to make sure that the right keyboards would be shown for a user to give their input and that their input could be handled (i.e. comma’s, points, and so on). Last but not least, it was time to use the user’s input to calculate results and create a working button so that the output could be displayed. &nbsp;It was a super fun project. I have not put it in the app store because of fees and those kinds of things, but it taught me a great deal and I enjoyed dipping my toes into Xcode.</p>",https://uploads-ssl.webflow.com/5f3a5425e8f6c6802a74a1e2/61d802eb59eddcf420172dfd_flightprepapp2-01.jpg,Screenshots of the implemented designs.,,https://youtu.be/tYoxYw9R6AM,<p>Here's a run through of the calculator app. It has three tab views that each allow different calculations. </p>,
Gamification of asthma spirometry tests,gamification-of-asthma-spirometry-tests,5f8af387824476d565e63bc5,653acf41e882f528b3e64bc3,61c0e1f6f36efb589fa689cb,false,false,Mon Dec 20 2021 20:05:10 GMT+0000 (Coordinated Universal Time),Sun Jan 02 2022 13:41:40 GMT+0000 (Coordinated Universal Time),Sun Jan 02 2022 13:43:06 GMT+0000 (Coordinated Universal Time),https://uploads-ssl.webflow.com/5f3a5425e8f6c6802a74a1e2/61ca0b39b5207b1c4202a2a5_IMG_2545.jpg,"Children with asthma often need to go to the hospital to do checkup spirometry tests, which is not a pleasant test to do. I worked as a research assistant on this university project to think with children about ways to gamify this experience and make sure children can execute these tests in a fun, but still proper way. I'm a co-author of the published paper about this research.",false,research,design-outline,Fri Mar 01 2019 00:00:00 GMT+0000 (Coordinated Universal Time),Mon Jul 01 2019 00:00:00 GMT+0000 (Coordinated Universal Time),part-time-work-3,co-design; gamification,design; publication; research,"<p>Children with asthma often need to go to the hospital to do checkup spirometry tests, which is not a pleasant test to do. I worked as a research assistant on this university project to think with children about ways to gamify this experience and make sure children can execute these tests in a fun, but still proper way. I'm a co-author of the published paper about this research.</p>",,,https://uploads-ssl.webflow.com/5f3a5425e8f6c6802a74a1e2/61d1ab86646a4f411576e8ea_spiro.jpg,A few of the 20 chosen metaphors that were brainstormed about.,https://uploads-ssl.webflow.com/5f3a5425e8f6c6802a74a1e2/61d1ab61cf124c3119496f4f_spiro2.jpg,Example of board of childrens ideas,"<p>This project aimed to <strong>gamify</strong> the spirometry testing so that the tests could be performed at home in a fun and informative way. To identify entertaining and appropriate metaphors, we worked together with 10 children (6-9 years) from a child day care.</p><p>We held multiple sessions to collect a <strong>100 metaphor ideas</strong> for breathing in and out. I was the leader of these co-design sessions and created the necessary materials for them (explanations of asthma, clarifying images, example metaphors). I made <strong>inspiration cards</strong> to stimulate children who struggled with ideas. After reaching a 100 metaphors, we had group discussions and the children used stickers to indicate their favourite ideas. We made sure all the children got complimented on their ideas and did not feel less than others who had more favoured ideas.</p><p>Lastly, I drew out the 20 favourite ideas and we held new sessions with the children where we thought deeper about errors that could occur during the breathing tests, such as early expiration. Together with the children we thought about how we could modify the 20 ideas to also account for these possible errors.</p>",,,,,,"<p>When I left the project, 10 final metaphors were implemented and by now, they have been <strong>tested at the hospital</strong>.</p><p>Last but not least, I'm a co-author of one of several papers that have been written about the project, which was <strong>published in CHI PLAY 2020!</strong> Click <a href=""https://research.utwente.nl/en/publications/spiroplay-a-suite-of-breathing-games-for-spirometry-by-kids-amp-e"">here</a> to read it. </p><p>‍</p>"
Graphic design works,graphic-design-works,5f8af387824476d565e63bc5,653acf41e882f528b3e64bc3,61c0f419540c564982fb12ee,false,false,Mon Dec 20 2021 21:22:33 GMT+0000 (Coordinated Universal Time),Sun Jan 02 2022 15:47:09 GMT+0000 (Coordinated Universal Time),Sun Jan 02 2022 15:56:17 GMT+0000 (Coordinated Universal Time),https://uploads-ssl.webflow.com/5f3a5425e8f6c6802a74a1e2/61c9f4e02c89cc1379ca10c8_astronautinsta.png,"After using Adobe Photoshop for many years of designing, I decided it was time to learn Adobe Illustrator as well. Especially as a (UX) designer, this application is amazing for creating vectorised images. It's also a lot more ''precise'' than Adobe Photoshop, which makes it great for very detailed work. I also joined a CREA summer course on Illustrator in 2020 to upgrade my skills.",false,design,design-outline,Sat Jun 01 2019 00:00:00 GMT+0000 (Coordinated Universal Time),,hobby,adobe-illustrator; adobe-photoshop,design,"<p>After using Adobe Photoshop for many years of designing, I decided it was time to learn Adobe Illustrator as well. Especially as a (UX) designer, this application is amazing for creating vectorised images. It's also a lot more ''precise'' than Adobe Photoshop, which makes it great for very detailed work. I also joined a CREA summer course on Illustrator in 2020 to upgrade my skills.</p>",https://uploads-ssl.webflow.com/5f3a5425e8f6c6802a74a1e2/61c9f46bf12155804a62ab2f_e4585908-6647-442c-9947-38c6659be017.JPG; https://uploads-ssl.webflow.com/5f3a5425e8f6c6802a74a1e2/61c9f46b82bc4d660dc01873_IMG_9053.jpg; https://uploads-ssl.webflow.com/5f3a5425e8f6c6802a74a1e2/61c9f46bcf3e4c1ddb81d5f1_0e178140-78ee-4953-bcd5-e8211c17a47c.JPG; https://uploads-ssl.webflow.com/5f3a5425e8f6c6802a74a1e2/61c9f4e02c89cc1379ca10c8_astronautinsta.png; https://uploads-ssl.webflow.com/5f3a5425e8f6c6802a74a1e2/61c9f4e349eee860c7c763e5_Screenshot%202021-12-27%20at%2018.15.49.png; https://uploads-ssl.webflow.com/5f3a5425e8f6c6802a74a1e2/61c9f4e7702a545a60f71c02_Screenshot%202021-12-27%20at%2018.16.06.png; https://uploads-ssl.webflow.com/5f3a5425e8f6c6802a74a1e2/61ca0b9f82bc4d1a3fc0dedf_KaneelbroodjesDone.png,,,,,,,,,"<p>In the gallery above are some examples of designs I have created over the years. The first two are recreations of existing works that I found online. I enjoy using Photoshop, Illustrator and a combination of both.</p>",,,
Hallway ceramic tiles,hallway-tile-project,5f8af387824476d565e63bc5,653acf41e882f528b3e64bc3,65830fbd6ef34a9b86797faf,false,false,Wed Dec 20 2023 16:01:01 GMT+0000 (Coordinated Universal Time),Wed Dec 27 2023 21:18:41 GMT+0000 (Coordinated Universal Time),Sun Feb 25 2024 15:59:08 GMT+0000 (Coordinated Universal Time),https://uploads-ssl.webflow.com/5f3a5425e8f6c6802a74a1e2/658c9239ddba9729c85b8bb4_ezgif-4-4199a3f7b7.gif,"This is a project from the beginning of September to the end of October. I wanted my hallway to feel like an extension of my house, my style, things that I like and people that I love. This meant I got inspired by what is/those who are around me. The tiles contain images of art in my house, patterns of clothes I love to wear, my carpet, my cushions, etc etc. Furthermore, some amazing creative friends of mine helped me out with painting a couple of tiles, which I am so happy about. I hope that when people enter my house, they feel uplifted by all the colours and want to see more after this sneak peek!",false,do-it-yourself,naai-outline,Mon Sep 04 2023 00:00:00 GMT+0000 (Coordinated Universal Time),Tue Oct 31 2023 00:00:00 GMT+0000 (Coordinated Universal Time),hobby,painting,do-it-yourself; upcycling,"<p id="""">This is a project from the beginning of September to the end of October. I wanted my hallway to feel like an extension of my house, my style, things that I like and people that I love. This meant I got inspired by what is/those who are around me. The tiles contain images of art in my house, patterns of clothes I love to wear, my carpet, my cushions, etc etc. Furthermore, some amazing creative friends of mine helped me out with painting a couple of tiles, which I am so happy about. I hope that when people enter my house, they feel uplifted by all the colours and want to see more after this sneak peek!</p>",,,https://uploads-ssl.webflow.com/5f3a5425e8f6c6802a74a1e2/658c892da151105ed9a98787_tegelsbackground.jpg,The final panel of tiles.,https://uploads-ssl.webflow.com/5f3a5425e8f6c6802a74a1e2/658c8933c4efb6d7d16723b3_tegels2.jpg,Some of the in-between shots during the project.,,,,,https://youtu.be/wEPUyUg320A,"<p id="""">For this project, I used porcelain paint on ceramic tiles. The best way of applying the paint took some time to get used to, but was manageable in the end. All tiles were baked in the oven at a low temperature. Last but not least, I sawed and painted white a piece of MDF, to use as the ''glue'' base for the tiles. After those were glued on, I grouted the tiles with white grout. It was my first time grouting, so I was a bit nervous. But all turnt out well!</p>",
Children talking to robot ‘’strangers’’,having-children-communicate-with-robot-strangers,5f8af387824476d565e63bc5,653acf41e882f528b3e64bc3,61c99eef9ca456a2b19cbbe6,false,false,Mon Dec 27 2021 11:09:35 GMT+0000 (Coordinated Universal Time),Mon Jan 03 2022 18:29:57 GMT+0000 (Coordinated Universal Time),Mon Jan 03 2022 18:30:53 GMT+0000 (Coordinated Universal Time),https://uploads-ssl.webflow.com/5f3a5425e8f6c6802a74a1e2/61c9eb52896cbfb98e06663f_setup.png,The full title of my master thesis is: ''Agents presenting themselves as Strangers during Privacy Permission Requests: Effects on Disclosure and Privacy Awareness of Children''. It was a study in which I looked into young children’s (8-12 years old) information disclosure and privacy awareness in the context of conversing with robots.,false,child-robot-interaction,program-outline,Fri Mar 01 2019 00:00:00 GMT+0000 (Coordinated Universal Time),Sat Feb 01 2020 00:00:00 GMT+0000 (Coordinated Universal Time),university-master-thesis,interviewing; furhat-robotics-sdk; dialogflow; speech-synthesis-markup-language; kotlin; large-user-group-research,child-robot-interaction; programming; research,<p>The full title of my master thesis is: ''Agents presenting themselves as Strangers during Privacy Permission Requests: Effects on Disclosure and Privacy Awareness of Children''. It was a study in which I looked into young children’s (8-12 years old) information disclosure and privacy awareness in the context of conversing with robots.</p>,,,https://uploads-ssl.webflow.com/5f3a5425e8f6c6802a74a1e2/61d1a7ab87db84b0b30b3dc2_Bestand_000.jpeg,A child filling in the questionnaire after interacting with a robot.,,,"<p>Young children are prone to create strong bonds with robots and are very trusting of companies up until the age of 12. They give out a lot of information about themselves, even though they seem privacy aware.</p><p>In research papers, it became clear that the embodiment of a robot can facilitate higher levels of information disclosure, which creates serious privacy concerns as no regulations exist on this. Furthermore, not much research about this phenomenon has been done in relation to children, even though children are in contact with robots from a very young age and create strong bonds with them: this can make them more vulnerable to disclose information.</p><p>These gaps in knowledge led to the experimental study (a 2x2 between-subject design) of my master thesis in which 79 primary school children, aged 8-12 years old, conversed with an embodied conversational agent for five minutes. I programmed these embodied agents to be able to converse with children.</p>",https://uploads-ssl.webflow.com/5f3a5425e8f6c6802a74a1e2/61c9eb823737ad55f7a50c22_setup2.png,Experiment setup,"<p>The agent was either a Furhat robot or a Google Home Mini device. At several points in the conversation, the robot requested personal information in the form of a privacy permission request. Children's compliance on this determined an information disclosure score and their understanding of the content of the request determined a privacy awareness score. Besides the different levels of agent embodiment, a ‘’stranger presence’’ within the agent could occur during a request. For the Furhat, this meant a change in voice and face, for the Google Home Mini a change in voice only. The stranger symbolised the company behind each service, as the people behind a company are often strangers to its users. All project materials such as videos of these ‘’stranger’’ changes can be found here: <a href=""https://sites.google.com/view/master-thesis-nynke-zwart/"">https://sites.google.com/view/master-thesis-nynke-zwart/</a>.</p><p>Next to this, children are taught about not complying to strangers from a young age and they indicate that they seek privacy from strangers online as well. This novel approach of a stranger presence might therefore trigger their knowledge on stranger danger and lower their information disclosure.</p>",https://www.youtube.com/watch?v=4L_pA9vSeXk,"<p>An example video of the conversation a child could have with the Furhat robot, with the two stranger conditions (present or not present) compared with one other.</p>","<p>The results show that the level of agent embodiment and presence or absence of a stranger did not lead to significant differences in information disclosure and privacy awareness. It seemed that children’s personal background and preferences played a huge role in how they responded to the robots and the possible ‘’stranger appearance’’. The study also made clear that a higher age does not automatically mean that children are more knowledge about safe handling of personal information: there were children of 8 years old who were more careful than 12 year olds and vice versa. As for personal preferences, some children found the Furhat robot scary by default, others found it fascinating and even saw it as a possible friend, disclosing quite personal information (for example about being bullied or medically diagnosed) to it.</p><p>This research has uncovered that creating a suitable approach to lower information disclosure and heighten privacy awareness with embodied conversational agents is challenging. This is because of the many factors that may play a role in children's decision-making, such as their background knowledge on privacy risks/strategies and stranger danger, which were not controlled for in this research. This makes the researched topics even more interesting to pursue in detail in future research, to get a better understanding of children's conceptual models and actions. This research paves the way for future studies that will further fill the gap on embodiment and information disclosure/privacy awareness studies in the field of Child-Robot Interaction.</p>"
Kitchen renovation,kitchen-reno,5f8af387824476d565e63bc5,653acf41e882f528b3e64bc3,65830e48ec662f29ef5d861c,false,false,Wed Dec 20 2023 15:54:48 GMT+0000 (Coordinated Universal Time),Fri Dec 22 2023 09:25:38 GMT+0000 (Coordinated Universal Time),Sun Feb 25 2024 15:59:08 GMT+0000 (Coordinated Universal Time),https://uploads-ssl.webflow.com/5f3a5425e8f6c6802a74a1e2/65855227b9bbaa96a18eb29b_P1090747.jpg,"In 2022, I put my hand to more permanent renovations for the first time, namely: a kitchen! When I started living in my current apartment, I knew that the dark grey kitchen with mismatching black top cabinets, didn't suit my style at all. That, combined with a tiny tile backsplash that didn't reach to the top cabinets, made me want to make some changes. I'm super happy with the result. The kitchen is now one of my favourite places in the apartment and blends perfectly with the rest of my living room!",false,do-it-yourself,naai-outline,Tue Dec 20 2022 00:00:00 GMT+0000 (Coordinated Universal Time),Tue Mar 19 2024 00:00:00 GMT+0000 (Coordinated Universal Time),hobby,concepting; critical-thinking; planning; client-communication,research,"<p id="""">In 2022, I put my hand to more permanent renovations for the first time, namely: a kitchen! When I started living in my current apartment, I knew that the dark grey kitchen with mismatching black top cabinets, didn't suit my style at all. That, combined with a tiny tile backsplash that didn't reach to the top cabinets, made me want to make some changes. I'm super happy with the result. The kitchen is now one of my favourite places in the apartment and blends perfectly with the rest of my living room!</p>",https://uploads-ssl.webflow.com/5f3a5425e8f6c6802a74a1e2/65854d40fad56c29082abc59_1.JPG; https://uploads-ssl.webflow.com/5f3a5425e8f6c6802a74a1e2/65854d4157e9c32531bd97f1_2.JPG; https://uploads-ssl.webflow.com/5f3a5425e8f6c6802a74a1e2/65854d3f63e3915eb25c1477_3.JPG; https://uploads-ssl.webflow.com/5f3a5425e8f6c6802a74a1e2/65854d3ff230ae7e0f11e7b0_4.JPG; https://uploads-ssl.webflow.com/5f3a5425e8f6c6802a74a1e2/65854d3f17b299e7540afbdf_5.JPG; https://uploads-ssl.webflow.com/5f3a5425e8f6c6802a74a1e2/65855227b9bbaa96a18eb29b_P1090747.jpg,The first picture shows the kitchen as it was when I moved into my apartment. The others show some of the process towards the end result. I especially had a hard time deciding on the colour of the tiles.,https://uploads-ssl.webflow.com/5f3a5425e8f6c6802a74a1e2/65854dfc17b299e7540b7e37_right%20side.jpg,The right side of the kitchen.,https://uploads-ssl.webflow.com/5f3a5425e8f6c6802a74a1e2/65854df3c782b23da52bb13d_left%20sidee.jpg,The left side of the kitchen.,"<p id="""">Since the kitchen is the part of the living room that receives the least natural light, I wanted to make the space feel more bright. The bones of the kitchen were all great, so I kept all the cabinets on the bottom part of the kitchen and replaced all fronts with a more modern, matte white and wooden black handles. The shiny black top cabinets didn't provide a lot of space, so I replaced them with higher, white cabinets. I decided to place three of those, so that I would have space to hang two wooden wall shelves that would go around the corner. I wanted the open shelving so I could display some of my favourite kitchen items. Later, I decided to install three growing lights. During the spring and summer months, I&nbsp;started growing my own herbs and vegetables and the top wooden shelf provides the perfect space to grow those!</p>",https://uploads-ssl.webflow.com/5f3a5425e8f6c6802a74a1e2/658555412b0669c1329fc2f1_woonk2.jpg,A part of my living room that I wanted the tile to match nicely with.,"<p id="""">The last big decision I needed to take was which new tiles I wanted to install. I first went through many neutral options before I set my eyes on a colour: either green or blue. I loved the blue shade but I had the feeling it would add another big accent colour to my space, which is already quite colourful. So, I opted for green, which matches nicely with my couch and plants. It is a matte, square tile that gives some depth due to its texture/material. To me, it gives a very luxurious feel!</p><p></p>",,,"<p>A project like this never comes without some struggles. For example, one of the front doors for the cabinets was in the wrong style, the wooden shelves were too short at first (a manufacturer's fault), the putty to put the tiles on top didn't dry fast enough so the tiler had to come back, the tile store didn't calculate enough tiles so we missed 3 of them and needed a quick trip to the store on the tiling day itself... I believe the project taught me to keep my patience, communicate clearly with professionals (kitchen installer, tiler, tile store professionals) and hold on to my vision. But I can only imagine what a big kitchen renovation could be like... I think I&nbsp;only scratched the surface!</p>"
Macrame,macrame,5f8af387824476d565e63bc5,653acf41e882f528b3e64bc3,61c1858c7a0ed740cbe6ffd8,false,false,Tue Dec 21 2021 07:43:08 GMT+0000 (Coordinated Universal Time),Mon Dec 27 2021 16:58:01 GMT+0000 (Coordinated Universal Time),Mon Dec 27 2021 16:58:22 GMT+0000 (Coordinated Universal Time),https://uploads-ssl.webflow.com/5f3a5425e8f6c6802a74a1e2/61c9efdf09bb1784f8f4fb04_IMG_8550.jpg,"Macrame hangers popped up in stores everywhere recently and that made me think about how this should probably be quite an easy DIY project. So that lead me to buying some rope, putting on some YouTube videos and making knots for hours on end. ",false,do-it-yourself,naai-outline,Fri Mar 01 2019 00:00:00 GMT+0000 (Coordinated Universal Time),,hobby,knotting; planning,design; do-it-yourself,"<p>Macrame hangers popped up in stores everywhere recently and that made me think about how this should probably be quite an easy DIY project. So that lead me to buying some rope, putting on some YouTube videos and making knots for hours on end.</p>",https://uploads-ssl.webflow.com/5f3a5425e8f6c6802a74a1e2/61c9eee409bb171f70f4f668_IMG_7101.jpg; https://uploads-ssl.webflow.com/5f3a5425e8f6c6802a74a1e2/61c9efdf09bb1784f8f4fb04_IMG_8550.jpg; https://uploads-ssl.webflow.com/5f3a5425e8f6c6802a74a1e2/61c9f08e64027f4d811097c7_IMG_7097.JPG,A various collection of macrame art that I've made.,https://uploads-ssl.webflow.com/5f3a5425e8f6c6802a74a1e2/61c9eda003e8b9795ecd782e_0c79cfc1-6d11-4063-8e5a-6e32c24772f6.JPG,"My favourite hanger that I made for myself, my grandma and a best friend.",,,"<p>There's many different things one can do with macrame rope, but my favourite things remain the plant hangers. I've taking on other projects as well, such as creating a Christmas tree, a decorated, thrifted mirror and some custom hanging shelves. Macrame can be a very relaxing past-time, but I will never forget the projects where I ran out of rope, which is really hard to conceal or fix. So: always cut enough rope!</p>",,A set of wall hangers that I created for my bedroom.,,,,
Making my own clothes!,making-my-own-clothes,5f8af387824476d565e63bc5,653acf41e882f528b3e64bc3,61c183471c81a24c9a6efb40,false,false,Tue Dec 21 2021 07:33:27 GMT+0000 (Coordinated Universal Time),Thu Dec 28 2023 09:47:01 GMT+0000 (Coordinated Universal Time),Sun Feb 25 2024 15:59:08 GMT+0000 (Coordinated Universal Time),https://uploads-ssl.webflow.com/5f3a5425e8f6c6802a74a1e2/61c9f74c4b3663b544445a54_IMG_1004%202.jpg,"In 2019, I decided to take on sewing. I was determined to make my clothes last as long as possible, but also to be able to create self-made pieces, modify thrifted clothes more and cut down on fast fashion. All in all, for the greater good. It's become one of my favourite hobbies, one in which I can continuously challenge myself with different pieces and perfecting details. My highlight: recreating the Eurovision look of Damiano David from Eurovision, winning a Dutch radio contest and having them react to it and sign it as a prize! Incredible!",true,do-it-yourself,naai-outline,Mon Apr 01 2019 00:00:00 GMT+0000 (Coordinated Universal Time),,hobby,pattern-making; planning,sewing; do-it-yourself; design,"<p>In 2019, I decided to take on sewing. I was determined to make my clothes last as long as possible, but also to be able to create self-made pieces, modify thrifted clothes more and cut down on fast fashion. All in all, for the greater good. It's become one of my favourite hobbies, one in which I can continuously challenge myself with different pieces and perfecting details. My highlight: recreating the Eurovision look of Damiano David from Eurovision, winning a Dutch radio contest and having them react to it and sign it as a prize! Incredible!</p>",https://uploads-ssl.webflow.com/5f3a5425e8f6c6802a74a1e2/61c9e1f7f0e447494984da2a_IMG_8163.JPG; https://uploads-ssl.webflow.com/5f3a5425e8f6c6802a74a1e2/61c9e1f764049f95bd58c5e5_IMG_8161.JPG; https://uploads-ssl.webflow.com/5f3a5425e8f6c6802a74a1e2/61c9f0532c89cc45ebc9f09b_IMG_8382.jpg; https://uploads-ssl.webflow.com/5f3a5425e8f6c6802a74a1e2/61d4580527ae4a1d9f05c668_logos_Nynke_zelfgemaakt.jpeg; https://uploads-ssl.webflow.com/5f3a5425e8f6c6802a74a1e2/61d1b58303963989f94f004a_fashion_1.gif; https://uploads-ssl.webflow.com/5f3a5425e8f6c6802a74a1e2/61c9f054308c17ab26568ebe_IMG_8059.JPG; https://uploads-ssl.webflow.com/5f3a5425e8f6c6802a74a1e2/61c9f0539ffceeaedfed0597_IMG_1017.jpg; https://uploads-ssl.webflow.com/5f3a5425e8f6c6802a74a1e2/61c9f0542c89cc8d60c9f0a5_IMG_7707.JPG; https://uploads-ssl.webflow.com/5f3a5425e8f6c6802a74a1e2/61c9f05309bb17f394f4fb8a_IMG_8381.jpg; https://uploads-ssl.webflow.com/5f3a5425e8f6c6802a74a1e2/65845d7625bd62baa8f2bfa4_8F3E1BDF-29D2-4E20-AC25-372B5D9588BA.jpg; https://uploads-ssl.webflow.com/5f3a5425e8f6c6802a74a1e2/65845e0c64f2dab671032064_F8BF322A-24E9-42FD-945E-B0C1EE205597.jpg; https://uploads-ssl.webflow.com/5f3a5425e8f6c6802a74a1e2/65845e643ec27e4486f23f9b_IMG_9018.jpg,These are some of the projects that I've completed over the years!,https://uploads-ssl.webflow.com/5f3a5425e8f6c6802a74a1e2/61d1b98b2d829542ab68253a_maneskinfit_1.gif,The Eurovision Song Contest outfit from Damiano David (Italy 2021) that I remade.,https://uploads-ssl.webflow.com/5f3a5425e8f6c6802a74a1e2/61d1b57d094d4a550e534dbc_blouse.jpg,One of the first blouses I've sewn. It isn't flawless but I was really happy with it at the time.,"<p>Once you start sewing, you'll start shopping differently... I catch myself in stores trying on an item, taking some pictures and then make the item at home with the modifications and fabrics that I like. And once you start sewing, you will see that you can literally try to make anything: from pillow cases to toiletry bags, to laptop covers and so on. Improving your skills is the most rewarding part of this hobby and the fact that there is always something to improve or learn.</p>",https://uploads-ssl.webflow.com/5f3a5425e8f6c6802a74a1e2/61d1ba6e3d3777597dc24cdf_Screenshot%202022-01-02%20at%2015.44.21.png,The Italian rock band Måneskin holding my recreation!,"<p>The craziest part of my sewing journey happened in October 2021. In the beginning of the year, the Italian rock-group Måneskin<strong> </strong>won the Eurovision Song Contest. I absolutely loved the band once I saw them and bought the earrings that the lead singer Damiano David wore during the performance. A friend then suggested to me that I should try to make his outfit from that performance, to match the earrings. Once that idea was planted, I couldn't let it go. I started googling, trying to find the perfect matching studs for the leather bands, the (fake!) leather fabric, the silver laces, the sailing rings. A month later, I had completed the outfit.</p><p>A few months later, Dutch radio station 3FM announced that they were hosting a fashion challenge, to<strong> win tickets </strong>to an exclusive (50 person) concert of Måneskin in Amsterdam. The requirements: it needs to fit in with the style of the band. With my outfit completely ready, I of course went ahead and submitted it! And! I won! Together with two other winners we didn't only get to go to the mega exclusive (amazing!) concert, we were also interviewed on our outfits and the outfits were shown to the band members themselves! </p>",https://youtu.be/1tGFTGhGjWU,"<p id="""">Of course I wore the outfit during the concert and afterwards the lead singer spotted me outside and said to me:<strong id=""""> ''You did such an amazing job, so amazing, you've got so much talent.''</strong> And the bassist said, <strong id="""">''Wow amazing, these look exactly like the ones from Eurovision''</strong> and ''Such cool pants!''. I am still amazed by the fact that Måneskin themselves have seen, held, signed my outfit. I can't quite believe it still. <a id="""" href=""https://www.npo3fm.nl/nieuws/3fm-nieuws/9f8979a1-984b-4994-bc7b-53086b22560f/maneskin-checkt-creaties-van-winnaars-fashionwinactie"">Here </a>is an article of the radio about the day, and some more footage is included in the video on this page, such as the creation process. Click <a id="""" href=""https://vm.tiktok.com/ZIJnBuhn3/"">here </a>if you want to see this video on TikTok and more behind the scenes videos as well!</p>",
My portfolio logos,my-portfolio-logos,5f8af387824476d565e63bc5,653acf41e882f528b3e64bc3,61c0f740518a3a2d0863b199,false,false,Mon Dec 20 2021 21:36:00 GMT+0000 (Coordinated Universal Time),Sat Jan 21 2023 22:12:03 GMT+0000 (Coordinated Universal Time),Sat Jan 21 2023 22:53:31 GMT+0000 (Coordinated Universal Time),https://uploads-ssl.webflow.com/5f3a5425e8f6c6802a74a1e2/61d19e1fe3175c59ed8c8500_logo_initials_.gif,Where better to get meta than on your own website? I've created multiple logos that are all part of my personal brand. The short reason: tying myself down to one logo didn't feel right - I wanted to highlight different parts of myself.,false,design,design-outline,Sat Aug 01 2020 00:00:00 GMT+0000 (Coordinated Universal Time),Tue Sep 01 2020 00:00:00 GMT+0000 (Coordinated Universal Time),hobby,brand-identity; adobe-illustrator,design,<p>Where better to get meta than on your own website? I've created multiple logos that are all part of my personal brand. The short reason: tying myself down to one logo didn't feel right - I wanted to highlight different parts of myself.</p>,,,https://uploads-ssl.webflow.com/5f3a5425e8f6c6802a74a1e2/61d190d2c9256c2c15eba3c8_logos.jpg,Filled in logos,https://uploads-ssl.webflow.com/5f3a5425e8f6c6802a74a1e2/61d19579d2d2d119d97c33bd_logosoutlinw.jpg,Outlined logos,"<p>Nowadays, many logos consist of a written out name in a simple, clear font. After thinking and sketching, I knew that this wasn't what I wanted for my logos. I wanted them to be more free, more creative and moreover, reflect what I do and like. Quickly, I found the categories I wanted to create different logos for: programming and design, both part of my professional career and maker and florist, which are more part of my personal life. I wanted each logo to contain elements (such as shapes and colours) that corresponded to this category. The programming logo was coupled with blue, as many technical companies have blue in their logos. It also contains less organic shapes than other logos, as programming is about following rules and logic. Lastly, it contains the classical brackets that we all know belong to programming (although in reality we use these brackets less and less). The same line of reasoning was applied to the other logos as well.</p>",https://uploads-ssl.webflow.com/5f3a5425e8f6c6802a74a1e2/61d19e1fe3175c59ed8c8500_logo_initials_.gif,How to find my initials in the logo!,"<p>I knew I needed a way to make these logos feel different and yet part of a whole (me!), so I came up with the idea to encapsulate them in the shape of a circle. Most avatars on web are encapsulated in a circle, hence this idea. Furthermore, to create even more unity and a nice easter egg, I hid my initials (N Z) in each logo. The N can be read from left to right, the Z from top to bottom. Try to spot them!</p><p>The fun thing about the logo structure I have created is that I can create new logos for new categories and in this way I allow myself to be flexible and not stuck to a certain persona. In the end, we are all what we think of ourselves to be and I think that we shouldn't limit ourselves to a few categories.</p>",https://youtu.be/6IcHvTKZOgk,,"<p>To wrap this text up, remember that I said that I didn't have just 1 logo? I guess that was a bit of a lie. I did create one logo that contains 4 bubbles with my chosen colours: you could see it as a wink to the more detailed logos. You can find it in the navigation bar.</p>"
My YouTube journey,my-youtube-journey,5f8af387824476d565e63bc5,653acf41e882f528b3e64bc3,61c18846df617d5af9f9bfcd,false,false,Tue Dec 21 2021 07:54:46 GMT+0000 (Coordinated Universal Time),Sun Jan 02 2022 15:10:01 GMT+0000 (Coordinated Universal Time),Sun Jan 02 2022 15:15:26 GMT+0000 (Coordinated Universal Time),https://uploads-ssl.webflow.com/5f3a5425e8f6c6802a74a1e2/61d1bd7951b31b12638b9b83_Jo2_1.gif,"When I was in my first year of high school, I spent quite a lot of time on online forums. This is how I got to know about the fan-video community on YouTube. A fan-video basically entails taking a movie/series/other medium such as pictures and match this content as well as possible to a song, using effects such as overlays and transitions. I reached up to 5200 subscribers at the end of my high school years and gained some really good friends that I'm still in contact with.",false,do-it-yourself,naai-outline,Tue Dec 01 2009 00:00:00 GMT+0000 (Coordinated Universal Time),,hobby,sony-vegas-pro; adobe-after-effects; marketing,video-editing,"<p>When I was in my first year of high school, I spent quite a lot of time on online forums. This is how I got to know about the fan-video community on YouTube. A fan-video basically entails taking a movie/series/other medium such as pictures and match this content as well as possible to a song, using effects such as overlays and transitions. I reached up to 5200 subscribers at the end of my high school years and gained some really good friends that I'm still in contact with.</p>",,,https://uploads-ssl.webflow.com/5f3a5425e8f6c6802a74a1e2/61d1bff28b502bc415f6c6df_emmavideo.gif,I loved experimenting with effects and transitions.,https://uploads-ssl.webflow.com/5f3a5425e8f6c6802a74a1e2/61d1c01ea4569d5500e52887_emmavideo_wie_1.gif,A GIF from an Emma Watson video I created.,"<p>I learnt how to video-edit in 2009 by trial and error and watching some YouTube tutorials. I used Sony Vegas Pro, a pretty easy to understand but powerful programme. I loved creating videos of Harry Potter, Twilight (yep... I dare saying it, I was Team Edward), The Vampire Diaries, Doctor Who, Merlin, Pretty Little Liars... Whenever I heard a song that I liked, I already could imagine the content that I wanted to use with it. My head at the time was like an encyclopaedia: ''This voiceover? Oh, that was from season 4, episode 12, around the 5 minute mark''. Crazy! YouTube played a huge role in my life.</p><p>What I loved most about YouTube, next to creating, was the community aspect of it. Throughout the years, I've found and talked with many people who were making the same kind of videos as I did. We would comment on each others videos, encourage each other to make new ones, make videos together by splitting up a song in parts and we even had hours-long Skype sessions. I also met and am still friends with girls I met through YouTube.</p><p>After a few years of YouTube, I was asked by the Popsugar partner network to join their network. It felt pretty crazy, as my videos are full of copyrighted material... Oops. Still, I went ahead and grabbed the opportunity. I started using non-copyrighted music for some videos and earned a little bit of money because of that. This was around the time that YouTube wasn't as good at detecting copyrighted material as it is now: it was good at it with songs, but not so much with video content. It was also the early days of partner networks: nowadays it is a lot easier to get a monetised account. So all in all, it felt like a huge deal at the time!</p>",,,,https://www.youtube.com/watch?v=gpLIad9DWc4,"<p>This is a fan video I made of Little Women, one of my favourite books and movies. </p><p>Besides series and pictures, I experimented a bit with fully drawn animation videos. I participated with these videos in the yearly movie-gala that my high school hosted and won twice! The third time they didn't want to give me the prize anymore, but they did ask me to host the gala together with a friend ;p I also have created some paid-for promotional videos for companies while I was still in high school.</p><p>When I went to university the hobby kind of slipped, but during the corona pandemic I have been getting back into creating again, which felt amazing. I have started learning more about Adobe After Effects instead of the good old Sony Vegas Pro, which I plan to continue to do.</p><p>‍</p>",
NOHrD: fitness equipment app design,nohrd-fitness-equipment-app-design,5f8af387824476d565e63bc5,653acf41e882f528b3e64bc3,63cc5834f1e5b441219b6b43,false,false,Sat Jan 21 2023 21:25:08 GMT+0000 (Coordinated Universal Time),Sat Jan 21 2023 23:14:08 GMT+0000 (Coordinated Universal Time),Wed Mar 29 2023 07:12:48 GMT+0000 (Coordinated Universal Time),https://uploads-ssl.webflow.com/5f3a5425e8f6c6802a74a1e2/63cc6f371a2c8411eb6c68d2_nohrd%20icon%20big.png,"NOHrD is a company that focusses on creating high quality and sustainable fitness equipment. The well-known WaterRower is part of their line of equipment, as well as the NOHrD Bike, Sprintbok, SlimBeam, WaterWorkx, WallBars and Swingbells. The NOHrD app, currently in development by MoveLab, will create an ecosystem in which the user can configure the device(s) they own and create and get shown unique workouts personalized for them.",false,ux-design,design-outline,Tue Mar 01 2022 00:00:00 GMT+0000 (Coordinated Universal Time),Fri Jul 08 2022 00:00:00 GMT+0000 (Coordinated Universal Time),full-time-work,co-design; figma; design-iteration; client-communication; interviewing; usability-testing,ux-design; research,"<p>NOHrD is a company that focusses on creating high quality and sustainable fitness equipment. The well-known WaterRower is part of their line of equipment, as well as the NOHrD Bike, Sprintbok, SlimBeam, WaterWorkx, WallBars and Swingbells. The NOHrD app, currently in development by MoveLab, will create an ecosystem in which the user can configure the device(s) they own and create and get shown unique workouts personalized for them.</p>",,,https://uploads-ssl.webflow.com/5f3a5425e8f6c6802a74a1e2/63cc6f40993f0040eb460faf_nohrd%20right%20big.png,"A quick look at the dark, previous theme of the NOHrD app. The new, light design takes into account NOHrD's brand style.",https://uploads-ssl.webflow.com/5f3a5425e8f6c6802a74a1e2/63cc6b30d802df3d0e7d587c_ezgif-3-632783773a.gif,The welcome screen that is visible upon opening the app.,"<p id="""">To the left, a video can be seen of the NOHrD app welcome screen that I designed and edited the video for, which was a combination of several promotional videos of NOHrD. This screen is shown upon opening the application. One of the big design changes that I pushed for while working on the app designs, was to align our app design to the branding of NOHrD. Initially, the application was very dark, while NOHrD exudes brightness and cleanness. After bringing this up with my boss and our partners at NOHrD, a green light was given to go ahead with a redesign of the application. I’m very happy that we took this jump! After the go-sign, me and my design colleague at the time went ahead and created a new design system for the app, really taking the NOHrD brand in consideration by studying their marketing folders, website and opinions of the designers of the NOHrD team.</p>",https://uploads-ssl.webflow.com/5f3a5425e8f6c6802a74a1e2/63cc578e763a9ec3bc46fff7_nohrd%20full%20width.png,A few screenshots of design ideas on building and executing a NOHrD workout.,"<p id="""">In its early stages, the NOHrD app only supported one device, the Elasko (a stretching device). The app only contained video workouts. In the future, the idea is to be able to create and choose your own personalized workouts. This will go beyond just video content, to give the user more flexibility in doing exactly what he or she wants. For example, you might have your own rowing or biking goals that you want to achieve. Or maybe you want to train using both these devices, when they are in a gym together or you own them yourself. The app should be able to support these user goals. While designing, we explored the possibilities of a new dashboard (see above for a comparison shot). The dashboard has the new NOHrD design: it also contains many more explorative possibilities, as well as analyses on your workout history. Another screen that was also worked on a lot was the session screen: in other words, what the user would see during a workout. Especially for a workout with multiple devices and multiple workout parts, this would need to be made clear for a user. We decided that timelines would be an interesting concept for this. We also wanted to give the user flexibility, so that they could change the screen to show or hide these timelines. Next to that, they would have options to choose what kind of data they wanted to see on the screen (i.e. heart rate, speed, power, anything that could be relevant to that device). Furthermore, different machines offer different possibilities for visualisations: video, graphs, data fields, etcetera. All possibilities have not been fully explored yet, but we made a proper start to it, some of which can be seen in the screenshots above.</p>",https://youtu.be/6IcHvTKZOgk,"<p>During our design process, we wanted to involve the NOHrD team into our process. We visited their location in Germany to let them test out a prototype of our design. We gave them tasks to achieve without any additional instructions. The tasks were focussed around finding items on the dashboard, filtering down the dashboard based on certain devices, and quick starting versus building a workout by themselves. The overall feedback was positive and with a few comments here and from there we continued our iterations! You can see a little video on the left that clicks through the mock ups that we created.</p>","<p>These designs are not by any means finalized, so they are not meant to be read as a final truth: design is ever fluid and this project will be worked on for many years to come. Personally, I worked on it for half a year before I decided to leave the company. I’m proud of the work we managed to do thus far and I’m definitely keeping an eye out for all the future design implementations.</p>"
Party poster series,party-poster-series,5f8af387824476d565e63bc5,653acf41e882f528b3e64bc3,61c0f4dca8c547c31a378f8e,false,false,Mon Dec 20 2021 21:25:48 GMT+0000 (Coordinated Universal Time),Sun Jan 02 2022 15:39:32 GMT+0000 (Coordinated Universal Time),Sun Jan 02 2022 15:43:34 GMT+0000 (Coordinated Universal Time),https://uploads-ssl.webflow.com/5f3a5425e8f6c6802a74a1e2/61d1b14d03963943064efb11_beestfeest.gif,"During 2017-2018, I was chief of activities of the technical faculty of the Radboud University Nijmegen. It entailed hosting big activities, such as the bimonthly ''BeestFeest'' for around 1000-1500 people. While the party was popular and well-known, their was no real design identity. Since I love Photoshopping, I decided to take on the challenge!",false,design,design-outline,Tue Aug 01 2017 00:00:00 GMT+0000 (Coordinated Universal Time),Wed Aug 01 2018 00:00:00 GMT+0000 (Coordinated Universal Time),part-time-work-3,adobe-photoshop; brand-identity,design,"<p>During 2017-2018, I was chief of activities of the technical faculty of the Radboud University Nijmegen. It entailed hosting big activities, such as the bimonthly ''BeestFeest'' for around 1000-1500 people. While the party was popular and well-known, their was no real design identity. Since I love Photoshopping, I decided to take on the challenge!</p>",https://uploads-ssl.webflow.com/5f3a5425e8f6c6802a74a1e2/61c9f4259ffcee0767ed1b93_Screenshot%202021-12-27%20at%2018.12.30.png; https://uploads-ssl.webflow.com/5f3a5425e8f6c6802a74a1e2/61c9f4253eeb4b5ab5b29cbb_Screenshot%202021-12-27%20at%2018.12.23.png; https://uploads-ssl.webflow.com/5f3a5425e8f6c6802a74a1e2/61c9f42522f2f8208e70c3ab_Screenshot%202021-12-27%20at%2018.12.16.png; https://uploads-ssl.webflow.com/5f3a5425e8f6c6802a74a1e2/61c9f425896cbf84ff06a38b_Screenshot%202021-12-27%20at%2018.12.09.png; https://uploads-ssl.webflow.com/5f3a5425e8f6c6802a74a1e2/61c9f4258c700143d2eb0426_Screenshot%202021-12-27%20at%2018.12.02.png,,,,,,,,,"<p>For each edition of BeestFeest, the party committee would hang up posters and distribute stickers to promote the upcoming party. Previous posters were printed on A3 format and were not very vibrant and did not follow a certain style that would make them easily recognisable. I changed this during my board year. We started printing the posters on A2 format and a template was created. It is a template that's easy on the eyes, but still leaves a lot of room to experiment with the big ''BeestFeest'' letters and background. Up to this day (writing: 2021), the template of my BeestFeest posters is still being used, which is really cool!</p>",,,"<p>Being chief of activities was a great experience that taught and improved many skills of mine. The designing part of it was only small: much more time went into communicating and arranging of the activities. This party required good relationships with DJ's, volunteers, the organisation of the location. It also required social media management and promotion. And on the night itself, it required keeping everything under control and feeling like a boss, running around with a walkie talkie. I loved it!</p>"
My dream hobby room,project-hobby-room,5f8af387824476d565e63bc5,653acf41e882f528b3e64bc3,65830d45de4e494716259a25,false,false,Wed Dec 20 2023 15:50:29 GMT+0000 (Coordinated Universal Time),Fri Dec 22 2023 18:59:33 GMT+0000 (Coordinated Universal Time),Sun Feb 25 2024 15:59:08 GMT+0000 (Coordinated Universal Time),https://uploads-ssl.webflow.com/5f3a5425e8f6c6802a74a1e2/6585d4f97a2ea60a51688b58_P1090794b.jpg,"It's been a dream of mine to have a room dedicated to my hobbies. To close the door and continue the next day, not having to clean up in between and being able to continue right away. I wanted this space to feel inspiring, creative and colourful. There were lots of DIY projects in this one - which I loved, because that's exactly what I want to use the room for!",false,do-it-yourself,naai-outline,Tue Jul 11 2023 00:00:00 GMT+0000 (Coordinated Universal Time),Wed Sep 27 2023 00:00:00 GMT+0000 (Coordinated Universal Time),hobby,planning; concepting; design-iteration; painting,do-it-yourself,"<p id="""">It's been a dream of mine to have a room dedicated to my hobbies. To close the door and continue the next day, not having to clean up in between and being able to continue right away. I wanted this space to feel inspiring, creative and colourful. There were lots of DIY projects in this one - which I loved, because that's exactly what I want to use the room for!</p>",,,,,,,,,,"<p id="""">This video below explains all the changes I&nbsp;made to the room in a few minutes. Walls were painted, cabinets were made over (the most time-consuming but rewarding project!!), chairs upholstered, mirrors painted and more! Finally, the amazing curtains that were custom-made by Kaschuba Hommage tied everything together perfectly!</p><p></p>",https://youtu.be/bz7XyR4-p1w,"<p>I learnt a lot of things during this project! The first one is to keep holding on to the vision. I had to admit, I&nbsp;was hesitant about the colour pink. When first painted, I really disliked the way it looked with the white cabinet and black desk legs. That's when I pushed and kept going, because I knew that the final colour palette would make it worth it! One other setback was painting my cabinet: I&nbsp;chose the wrong colour yellow to begin with, and had to sand it off completely. Oh well... In the end, the space turnt out so cosy. I've found myself using the room a lot more than before, which is great. Let's keep creating!</p><p></p>",
Punch needling,punch-needling,5f8af387824476d565e63bc5,653acf41e882f528b3e64bc3,61c188b03d907374f50d2446,false,false,Tue Dec 21 2021 07:56:32 GMT+0000 (Coordinated Universal Time),Fri Dec 22 2023 09:47:34 GMT+0000 (Coordinated Universal Time),Sun Feb 25 2024 15:59:08 GMT+0000 (Coordinated Universal Time),https://uploads-ssl.webflow.com/5f3a5425e8f6c6802a74a1e2/61d1d13fbb740b657a72b716_vangogh.gif,"In the cold wintery months I stumbled upon punch needling. I was thinking hard about a birthday present for one of my friends and was dealing with some stress at the time. Punch needling seemed super relaxing and meditative through its repetition, so I gave it a try and have created a few projects with it!",false,do-it-yourself,naai-outline,Mon Feb 01 2021 00:00:00 GMT+0000 (Coordinated Universal Time),,hobby,punch-needling; adobe-fresco,sewing; design; do-it-yourself,"<p>In the cold wintery months I stumbled upon punch needling. I was thinking hard about a birthday present for one of my friends and was dealing with some stress at the time. Punch needling seemed super relaxing and meditative through its repetition, so I gave it a try and have created a few projects with it!</p>",https://uploads-ssl.webflow.com/5f3a5425e8f6c6802a74a1e2/61c9e1a715280dd34b02fb6e_IMG_3896.JPG; https://uploads-ssl.webflow.com/5f3a5425e8f6c6802a74a1e2/61c9e1ae702a54c5a8f68000_Screenshot%202021-12-27%20at%2016.45.19.png; https://uploads-ssl.webflow.com/5f3a5425e8f6c6802a74a1e2/61c9e1ce82bc4dcfd4bf6a05_IMG_6857.JPG; https://uploads-ssl.webflow.com/5f3a5425e8f6c6802a74a1e2/61c9e1d522f2f895917020b1_IMG_6972.JPG; https://uploads-ssl.webflow.com/5f3a5425e8f6c6802a74a1e2/61c9e9e455dce2e20d8f121e_IMG_4205.JPG; https://uploads-ssl.webflow.com/5f3a5425e8f6c6802a74a1e2/658556b28a22c2f261fe47e6_P1090758b.jpg; https://uploads-ssl.webflow.com/5f3a5425e8f6c6802a74a1e2/658556b2c4d89a4b53857099_P1090763b.jpg,Some work in progress pictures!,https://uploads-ssl.webflow.com/5f3a5425e8f6c6802a74a1e2/61d1cf7e621926292be5bf66_vangogh.jpg,"A punch needled pillow case, an abstract interpretation of Van Gogh's painting named Cafe by Night",https://uploads-ssl.webflow.com/5f3a5425e8f6c6802a74a1e2/61ca192a1a636889808d9ffa_punchy.png,A cow inspired pillow using black & white,"<p>These are the projects I'm most proud of! The challenging part of creating a pillow out of a punch-needled piece of fabric is that the fabric is quite thick, and you need to keep the multiple fabrics as close to the needle as possible when sewing a pillow case around it! In the Cafe By Night pillowcase, I also inserted a zipper to finish off the pillow even cleaner. Also, a tip for dummies as myself: draw your final picture mirrored, as you are punching on the back side of the piece, then turning it around. I made this mistake once (and never again), it led me to removing 1 hour of punched needling! Oops..</p>",,,,,,
Researching group dynamics in CRI,researching-group-dynamics-in-child-robot-interaction,5f8af387824476d565e63bc5,653acf41e882f528b3e64bc3,61c0e2feff2e6d6e8af39402,false,false,Mon Dec 20 2021 20:09:34 GMT+0000 (Coordinated Universal Time),Sun Jan 02 2022 15:21:51 GMT+0000 (Coordinated Universal Time),Sun Jan 02 2022 15:23:52 GMT+0000 (Coordinated Universal Time),https://uploads-ssl.webflow.com/5f3a5425e8f6c6802a74a1e2/61ca0f7b6637249eadf9264d_Screenshot%202021-12-27%20at%2019.47.33.png,"I helped Christina Zaga, one of the 20 Google Women Techmakers' scholars of 2018, with her PhD research experimental sessions. In short, she created a robot, Push One, that would influence children's play dynamics during Tangram. My role in the research was to lead the children through the experiment while Cristina Wizard of Oz-ed the movements of the robot.",false,child-robot-interaction,design-outline,Mon Apr 01 2019 00:00:00 GMT+0000 (Coordinated Universal Time),Sat Jun 01 2019 00:00:00 GMT+0000 (Coordinated Universal Time),part-time-work-3,co-design; prototyping; wizard-of-oz; planning; large-user-group-research,research; child-robot-interaction,"<p>I helped Christina Zaga, one of the 20 Google Women Techmakers' scholars of 2018, with her PhD research experimental sessions. In short, she created a robot, Push One, that would influence children's play dynamics during Tangram. My role in the research was to lead the children through the experiment while Cristina Wizard of Oz-ed the movements of the robot.</p>",,,https://uploads-ssl.webflow.com/5f3a5425e8f6c6802a74a1e2/61d1c3074fca5b4d531f50a1_cristinasetup.jpg,This is what the experiment set up looked like.,,,"<p>Cristina and I went to a primary school in the Netherlands for two to three days per week. Each experiment took around 45 minutes and we tested around 60 children. Cristina's research objective was to find out whether playful robots could create and/or benefit positive group dynamics. The main task of a pair of children was to complete a Tangram puzzle, each on their own. The robot would also have its own puzzle to complete. The children needed to take blocks in a specific order while creating the puzzle task and would find out towards the end that they were missing a block. This meant that one child could not finish his/her puzzle. I observed many behaviours that the children exhibited: some children simply took the leftover block, not caring about the other child. Some would take this, others would try to steal it from the other child. Other pairs of children didn't want to take the leftover block, keeping it a fair game.</p><p>Depending on the condition, the robot brings the same piece as the leftover block to the children (completion is possible for both children) or takes away the leftover block (meaning that none of the children could finish the puzzle). The reactions of the children on perceived socialness/helpfulness of the robot were determined using a sticker ''give away'' task and questionnaires.</p>",https://uploads-ssl.webflow.com/5f3a5425e8f6c6802a74a1e2/61ca0f7b6637249eadf9264d_Screenshot%202021-12-27%20at%2019.47.33.png,This is what the robot created by Cristina Zaga looked like.,,,,"<p>Cristina was great in assisting me and giving advice on conducting research. The experience was very valuable. I really enjoyed how varied children's responses were, more so than I expected. Perhaps this reflects how inside-the-box grown-ups often think.</p>"
Thrifting and painting,thrifting-and-painting,5f8af387824476d565e63bc5,653acf41e882f528b3e64bc3,61c18439fe9ca837ebd00dc8,false,false,Tue Dec 21 2021 07:37:29 GMT+0000 (Coordinated Universal Time),Sun Jan 02 2022 11:21:07 GMT+0000 (Coordinated Universal Time),Sun Jan 02 2022 13:07:35 GMT+0000 (Coordinated Universal Time),https://uploads-ssl.webflow.com/5f3a5425e8f6c6802a74a1e2/61c19da7407703832c46e000_Screenshot%202021-12-21%20at%2010.25.09.png,"When I thought about painting before, I usually would grab my watercolours and create something on paper. But while looking in furniture stores my eye was caught by a beautiful persian closet. A while later I found a couple of bedside tables for free. 1 plus 1 created a new hobby!",false,do-it-yourself,naai-outline,Tue Oct 01 2019 00:00:00 GMT+0000 (Coordinated Universal Time),Tue Oct 01 2019 00:00:00 GMT+0000 (Coordinated Universal Time),hobby,adobe-illustrator; adobe-fresco; stenciling; painting,do-it-yourself; design; upcycling,"<p>When I thought about painting before, I usually would grab my watercolours and create something on paper. But while looking in furniture stores my eye was caught by a beautiful persian closet. A while later I found a couple of bedside tables for free. 1 plus 1 created a new hobby!</p>",https://uploads-ssl.webflow.com/5f3a5425e8f6c6802a74a1e2/61c9e5fd15280d05ee030d6d_IMG_5216.jpg; https://uploads-ssl.webflow.com/5f3a5425e8f6c6802a74a1e2/61c9e5fd3eeb4b74ddb226ee_IMG_5292.jpg; https://uploads-ssl.webflow.com/5f3a5425e8f6c6802a74a1e2/61c9e5fd59b75bae3bf491f2_IMG_5318.jpg; https://uploads-ssl.webflow.com/5f3a5425e8f6c6802a74a1e2/61c9e5fd64f40ae84ee6b471_IMG_5333.jpg; https://uploads-ssl.webflow.com/5f3a5425e8f6c6802a74a1e2/61c9e603896cbf668c0639b7_Screenshot%202021-12-27%20at%2016.51.53.png; https://uploads-ssl.webflow.com/5f3a5425e8f6c6802a74a1e2/61c19da7407703832c46e000_Screenshot%202021-12-21%20at%2010.25.09.png; https://uploads-ssl.webflow.com/5f3a5425e8f6c6802a74a1e2/61c9f00803e8b9406dcd83be_IMG_9989.JPG; https://uploads-ssl.webflow.com/5f3a5425e8f6c6802a74a1e2/61c9e6d549eee8169ec6f861_P1080118.jpg; https://uploads-ssl.webflow.com/5f3a5425e8f6c6802a74a1e2/61ca1746595358566653a390_tafeltje.png,,https://uploads-ssl.webflow.com/5f3a5425e8f6c6802a74a1e2/61c9e603896cbf668c0639b7_Screenshot%202021-12-27%20at%2016.51.53.png,The outcome of the first table I painted.,https://uploads-ssl.webflow.com/5f3a5425e8f6c6802a74a1e2/61d189ad87db8450cc0aa9b1_IMG_5640.gif,A work in progress!,"<p>After I dragged the thrifted bedside tables to my home in two shifts I started sketching out what I wanted to paint on at least one of them. I knew it would be a persian style, but I had to figure out what type of figures and what/how they would fit on each surface of the table. I drew several concepts digitally and after that, true to size on paper. I stuck each individual piece on cardboard and used a stanley knife to cut out the shape, in order to make stencils. This made my life a lot easier once I started painting. For sharp, straight lines I used painters tape. It was very precise work, but very satisfying as well. It took me about 1 month to complete the persian table: I'd quickly work on it before I went to my internship and continue after I came back if I had the time. I'm still really happy with how it turnt out.</p>",https://uploads-ssl.webflow.com/5f3a5425e8f6c6802a74a1e2/61c9e99d93dac16b305d13f5_IMG_6192.jpg,A plant pot that I've painted in a geometric way.,"<p>The other bedside table got a more abstract, simple design. This design was planned/drawn out using Adobe Illustrator. Because of its repetitive shapes, this was the easiest approach: I played around with the sizes until I was satisfied. After that, I repeated the process of creating stencils and sanding/painting/sealing in the same manner as the other table. The table was then sent to Belgium to a dear friend of mine, for her birthday.</p><p>My last project was a plant pot that I painted in a geometrical manner. It was a Secret Santa gift. As for future projects, none planned so far, but we will see what I stumble upon next!</p>",,,
Tikkie,tikkie,5f8af387824476d565e63bc5,653acf41e882f528b3e64bc3,65830328095c7456142d6330,false,true,Wed Dec 20 2023 15:07:20 GMT+0000 (Coordinated Universal Time),Wed Dec 20 2023 15:48:06 GMT+0000 (Coordinated Universal Time),,,"In September 2022, I joined Tikkie as an Android Engineer. I am currently part of the team that has Groepie as its' main focus. Groepie is an expense-tracking feature that allows groups of users to keep track of their expenses over a longer period of time. In-between, as well as at the end of all expenses, users can settle up with each other and directly receive their money back through a Tikkie. A Tikkie is a quick payment request that has become an official word in the Dutch dictionary due to the app's popularity with over 8 million active users. Tikkie is officially created and owned by the ABN AMRO bank.",false,programming,,Mon Sep 05 2022 00:00:00 GMT+0000 (Coordinated Universal Time),,full-time-work,android-studo; kotlin-2,programming; object-oriented-programming; software-testing,"<p>In September 2022, I&nbsp;joined Tikkie as an Android Engineer. I am currently part of the team that has Groepie as its' main focus. Groepie is an expense-tracking feature that allows groups of users to keep track of their expenses over a longer period of time. In-between, as well as at the end of all expenses, users can settle up with each other and directly receive their money back through a Tikkie. A Tikkie is a quick payment request that has become an official word in the Dutch dictionary due to the app's popularity with over 8 million active users. Tikkie is officially created and owned by the ABN AMRO bank.</p>",,,,,,,"<p>Wat heb ik allemaal gedaan:</p><ul><li>Design system opgezet - change Groepie to Tikkie purple</li><li>Moving towards Lokalise for Android</li><li>Push notifications for Groepie</li><li>Groepie in bottom bar</li><li>Groepie bottom sheets for sharing links, selecting from library, allowing push notifications</li><li>Groepie add pictures to expenses</li><li>Groepie tabs - settle up and expenses division (I played a role in that, design sprint after research that i also helped with)</li><li>Editing groepie name</li><li>Adding a date for an expense in Groepie</li><li>Adding Tikkie details on the expenses timeline</li><li>Working on a ''wrapped'' for Groepie</li></ul><p>‍</p><p>Design (since september or so)</p><ul><li>Filters for groepie expenses (work in progress)</li><li>Eindafrekening groepie</li><li>Creating floating money animations</li><li>New look for Groepie card (in the works)</li></ul>",,,,,,"<p id="""">What's next... learning even more about databases, dependency injection and CI/CD.</p>"
Time tracking reports redesign in Keeping,time-tracking-reports-redesign-in-keeping,5f8af387824476d565e63bc5,653acf41e882f528b3e64bc3,61c0da29a5b2e0126acb32c9,false,false,Mon Dec 20 2021 19:31:53 GMT+0000 (Coordinated Universal Time),Sat Jan 08 2022 11:46:07 GMT+0000 (Coordinated Universal Time),Sat Jan 08 2022 11:46:32 GMT+0000 (Coordinated Universal Time),https://uploads-ssl.webflow.com/5f3a5425e8f6c6802a74a1e2/61c1a5a78cabe86bd5ade9c1_socialmedia_nieuwerapporten2.png,"Keeping (keeping.nl) is a time tracking application developed by Label305. The application allows logging of projects, tasks, clients, integrations and more. The logged entries are summarized in reports for further insight. However, only 60.7% of questioned users (N=84) understood how the reports worked: I created a redesign for these pages that was found to increase usability scores and that has since then been implemented.",true,ux-design,design-outline,Sun Sep 01 2019 00:00:00 GMT+0000 (Coordinated Universal Time),Sun Dec 01 2019 00:00:00 GMT+0000 (Coordinated Universal Time),internship,adobe-xd; prototyping; usability-testing; adobe-illustrator; wireframing; concepting,design; programming; ux-design,"<p>Keeping (keeping.nl) is a time tracking application developed by Label305. The application allows logging of projects, tasks, clients, integrations and more. The logged entries are summarized in reports for further insight. However, only 60.7% of questioned users (N=84) understood how the reports worked: I created a redesign for these pages that was found to increase usability scores and that has since then been implemented.</p>",,,https://uploads-ssl.webflow.com/5f3a5425e8f6c6802a74a1e2/61d978065d54e38c03d7722d_klikboxgif.gif,Clickthrough new navigational structure instead of the previous tab structure.,https://uploads-ssl.webflow.com/5f3a5425e8f6c6802a74a1e2/61d977ca9e553882dac41a8e_datumaanpassengif.gif,Clickthrough of improved date management design.,"<p>As a UX designer, I first wanted to define the problem space clearly. I was interested in how people navigated through the website and what their mental models looked like. I started writing down all my own observations and performed a small usability test (N=5) where users needed to perform three common tasks, using a thinking-aloud protocol. I also looked at applications of competitors and a previous Keeping questionnaire filled in by 101 users. Five goals were identified for the redesign:</p><p>- <strong>Improving date management</strong>: changing the time unit easily and going back and forth using this unit.</p><p>- <strong>Improving consistency</strong> of design elements and their placement.</p><p>- <strong>Creating a clear overview</strong>: the website used a tab-structure to go deeper into detail, but users lose track of how deep they are in the navigation and how tab combinations work together.</p><p>- <strong>The possibility to filter quickly </strong>instead of needing many clicks.</p><p>- <strong>Adding meaningful visualisations</strong>, whereas now everything is in text format.</p><p>After creating these goals, I began drawing low-fi prototypes, then creating more high-fi mock ups. Because I was working on a redesign, I had to study the current design language and make this my own. There were no documents that contained all design elements, so I created these for reference.</p>",https://uploads-ssl.webflow.com/5f3a5425e8f6c6802a74a1e2/61d9786240057305631a8104_filterGIF.gif,"Clickthrough of created filter for the application, which helps reduce the amount of clicks a user needs to perform.","<p>Improving date management was an important subgoal in improving the application. There were elements that were placed too far apart and confused users because they weren't grouped together, losing their meaning. Some arrows were also ambiguous on whether they meant going to a previous page or a previous time unit. To create more cohesion, we placed the date in the center of the page and moved the arrows closer around it. Hovering over the date now creates an underline, indicating that the date can be clicked on. This opens up a dropdown in which days, weeks, months, quartiles, years and custom dates can be selected with a few clicks. The image above displays several examples of its layout.</p>",https://www.youtube.com/watch?v=BILIa8kMxR8&list=PLwg-ernSHFVLLVZchLdDJ7rfxj9w47Zw1,"<p>The biggest change of the redesign is the transition from tabs to a dashboard layout (see video). The dashboard boxes contain five entries for each possible logging type (users, projects, tasks, clients, integrations). Clicking on a box leads to a detailed report page, where the visualisation from the box is displayed in full, including a list with the information in text form. Clicking on specific elements from the graph or list leads to a deeper dashboard of information. The user's path can be seen in a breadcrumb in the top part of the page, under the date picker. For experienced users who know what they are searching for, we have introduced a filter bar on the top, which is customised to allow easy filtering for the different logging types. All sorts of combinations are possible.</p>","<p>At the end of the internship, fully clickable prototypes were tested by 20 users. Both versions were presented in mock-up form. The main finding was that the flow of the application was better understood for the redesign with the dashboard than the (then current) tab version. The System Usability Scale also improved with 75.6 against 69.1. For reference, 68 entails a just-above average score (50th percentile). A score of 75 means that the website scores better than 73% of all the thousands of websites that the scale is based on!</p><p>Please note that this post is only a small part of all the changes that were made for the redesign of Keeping. A blogpost can be found <a href=""https://keeping.nl/blog/09-12-2019-nieuwe-rapportage-functie"">here</a> to read about all the changes in even more detail.</p><p>‍</p>"
Trombone lamp,trombone-lamp,5f8af387824476d565e63bc5,653acf41e882f528b3e64bc3,61c1879ee0080426b1d08c54,false,false,Tue Dec 21 2021 07:51:58 GMT+0000 (Coordinated Universal Time),Mon Dec 27 2021 19:08:49 GMT+0000 (Coordinated Universal Time),Mon Dec 27 2021 19:29:11 GMT+0000 (Coordinated Universal Time),https://uploads-ssl.webflow.com/5f3a5425e8f6c6802a74a1e2/61c9f83b82bc4dca43c0225c_trombone-3.png,"My brother moved into his first apartment early 2020. Being the great sister that I am, I decided he needed a proper housewarming gift. I came up with the idea of a trombone lamp one night while laying awake in bed. It seemed fitting, as he loves Jazz music and plays the trombone himself. ",false,do-it-yourself,naai-outline,Wed Jan 01 2020 00:00:00 GMT+0000 (Coordinated Universal Time),Wed Apr 01 2020 00:00:00 GMT+0000 (Coordinated Universal Time),hobby,painting; electronics,do-it-yourself; upcycling,"<p>My brother moved into his first apartment early 2020. Being the great sister that I am, I decided he needed a proper housewarming gift. I came up with the idea of a trombone lamp one night while laying awake in bed. It seemed fitting, as he loves Jazz music and plays the trombone himself.</p>",,,https://uploads-ssl.webflow.com/5f3a5425e8f6c6802a74a1e2/61ca0f389ca45682dfa00038_Untitled-3.png,,,,"<p>This is the trombone, all finished and hung up on the wall. To get to this point, I bought an old trombone off of Marktplaats (a Dutch market place website). It was not in a condition anymore to be played, so it was perfect to use as a hanging piece. The original owner gave the trombone a new metal paint finish, which unfortunately came off a bit due to the tight packaging with sticky tape. I patched it up with the same paint.</p><p>Since the trombone has multiple ''open ends'' it was easy to wire it. We hung it up with a special bracket that fit the handle nicely. According to my brother, not only he, but all his friends find it a pretty cool piece: which is always flattering to hear. All in all, it was a very fun and easy project to do.</p>",,,,,,
UX/UI for WaterRower Connect,ux-ui-for-waterrower-connect,5f8af387824476d565e63bc5,653acf41e882f528b3e64bc3,61c993747847b811df6d57e1,false,false,Mon Dec 27 2021 10:20:36 GMT+0000 (Coordinated Universal Time),Wed Dec 20 2023 16:01:12 GMT+0000 (Coordinated Universal Time),Sun Feb 25 2024 15:59:08 GMT+0000 (Coordinated Universal Time),https://uploads-ssl.webflow.com/5f3a5425e8f6c6802a74a1e2/61d96ffbb984044303024b70_Screenshot%202022-01-08%20at%2012.05.14.png,"WaterRower Connect is an app created for the WaterRower rowing machine. It allows users to connect to their WaterRower and execute and analyse workouts. Besides front-end and back-end work I did on this app, I also created UI designs and thought out the user experience of it.",true,ux-design,design-outline,Sat Feb 01 2020 00:00:00 GMT+0000 (Coordinated Universal Time),Fri Jul 08 2022 00:00:00 GMT+0000 (Coordinated Universal Time),full-time-work,figma; adobe-xd; adobe-illustrator; prototyping; wireframing; adobe-after-effects,ux-design; design; research,"<p>WaterRower Connect is an app created for the WaterRower rowing machine. It allows users to connect to their WaterRower and execute and analyse workouts. Besides front-end and back-end work I did on this app, I also created UI designs and thought out the user experience of it. Being a programmer as well helps me to figure out all edge cases for design. I use Figma to create all my mockups: I set up a design library using Figma, which helps to keep our design language consistent and also helps us save time when designing.</p>",,,https://uploads-ssl.webflow.com/5f3a5425e8f6c6802a74a1e2/61d973070d3d6dbd5f2a885c_featurefinish.jpg,The history page overview that allows filtering on type of workouts as well as periods.,https://uploads-ssl.webflow.com/5f3a5425e8f6c6802a74a1e2/61d9735ab1f71c4b43377aa7_featurefinish2.jpg,Sharing your workout on social media.,"<p>In the pictures above, you can see two screenshots of features that I've designed and implemented. I've created more, but am not able to share those since they are not available on the app store yet. These two are nice to highlight in any case.</p><p>When it comes to the social aspect of the app, we were lacking in social interactions. To make a start with this, I created a feature for users to share their workout results on social media; from image design to microcopy (text and hashtags) to implementation of it (front-end and back-end). I really like completing full processes such as this one. Working on all aspects gives me insight on what designers need to communicate to programmers for them to be able to implement a feature smoothly without questions/uncertainties.</p><p>As for a user's workout history, the app previously only contained a simple list, where all types of workouts (distance, time, interval) were formatted the same. It made it difficult to find back a certain workout. The page also wasn't very flexible or interesting. Therefore, I created a timeline of all past workouts and also included options to select a certain time period grouping and filter on the type of workout (distance, interval, time, etc). This way, the user is flexible in choosing what they want to see. Even more interesting are the percentages that the user can read from their timeline, showing them their progress period by period. Over time, we want to create even more insights for the user to compare and analyse their data.</p>",https://uploads-ssl.webflow.com/5f3a5425e8f6c6802a74a1e2/624ff8706f8511420ed5b1c7_rowingtogetherscreenshotstogether.png,A screenshot of a new feature that was rolled out with the Premium version of WaterRower Connect: Rowing Together in real time with other users! ,"<p>In January 2022, the Premium version of WaterRower Connect was launched. One of its features was ''Rowing Together'', where Premium users can row the same workout at the same time. The idea is that a user can create an ‘’online’’ lobby that other users can join via a link. The lobby is connected to a workout that the host has created. When the host presses ‘’Start’’ in the lobby, this workout will start for all users. They are able to see each others’ live data, giving them the feeling of actually rowing together. We went through many iterations of the design for this feature. We wanted it to be informative on what the user was going to execute. We also wanted the flow to be logical and easy to navigate. Furthermore, we wanted to create a feeling for the user that they were doing the workout together. This feature is still being developed further. For example, we are going to add a chat functionality in the lobby, which will help users to connect and discuss details before starting the workout.</p><p>‍</p>",https://www.youtube.com/watch?v=uHejbYyRuLU&ab_channel=NynkeZwart,"<p>Here you can see the designs in action! This is actually the released app. Besides designing, I (mostly) implemented the design for Android as well. </p>","<p>Many more designs have been created for the WaterRower Connect app, which unfortunately cannot be shared yet as this is confidential information. I’ll be updating this page once new cool features are released!</p><p><br></p><p>‍</p>"
Watercolouring,watercolouring,5f8af387824476d565e63bc5,653acf41e882f528b3e64bc3,61c185fe5189179027217cc2,false,false,Tue Dec 21 2021 07:45:02 GMT+0000 (Coordinated Universal Time),Sun Jan 02 2022 15:48:26 GMT+0000 (Coordinated Universal Time),Sun Jan 02 2022 15:56:17 GMT+0000 (Coordinated Universal Time),https://uploads-ssl.webflow.com/5f3a5425e8f6c6802a74a1e2/61c9ed1684ff605ef48e3cc4_Screenshot%202021-12-27%20at%2017.42.31.png,"It can never hurt to shop more sustainably, but in order to do so, knowing which fruits and vegetables are in season can help out a whole lot! I made this little calendar for a friend who loves going to the market, to make it even easier to know what foods to get creative with.",false,do-it-yourself,naai-outline,Sat Jun 01 2019 00:00:00 GMT+0000 (Coordinated Universal Time),Mon Jul 01 2019 00:00:00 GMT+0000 (Coordinated Universal Time),hobby,bookbinding; watercoloring,design; do-it-yourself,"<p>It can never hurt to shop more sustainably, but in order to do so, knowing which fruits and vegetables are in season can help out a whole lot! I made this little calendar for a friend who loves going to the market, to make it even easier to know what foods to get creative with.</p>",https://uploads-ssl.webflow.com/5f3a5425e8f6c6802a74a1e2/61c9ed1f15280d55c503487b_Screenshot%202021-12-27%20at%2017.42.53.png; https://uploads-ssl.webflow.com/5f3a5425e8f6c6802a74a1e2/61c9ed1f93dac11af25d1eed_Screenshot%202021-12-27%20at%2017.42.40.png; https://uploads-ssl.webflow.com/5f3a5425e8f6c6802a74a1e2/61c9ed1684ff605ef48e3cc4_Screenshot%202021-12-27%20at%2017.42.31.png,Here are some close ups of the final outcome!,,,,,,,,"<p>I love working on projects that have an overarching theme and try and make every image match to create a cohesive whole. This project allowed me to do just that. I choose vegetables and fruits for each month that were in season at that time. But of course I also choose the ones that I knew I would enjoy to paint. I do not watercolour a lot, but if I do paint, it's one of my favourite mediums as it is very forgiving. You can make and fix mistakes easily!</p>",,,
WaterRower Connect App,waterrower-connect-app,5f8af387824476d565e63bc5,653acf41e882f528b3e64bc3,61c18b12df5863ddfa190756,false,false,Tue Dec 21 2021 08:06:42 GMT+0000 (Coordinated Universal Time),Wed Dec 20 2023 16:01:20 GMT+0000 (Coordinated Universal Time),Sun Feb 25 2024 15:59:08 GMT+0000 (Coordinated Universal Time),https://uploads-ssl.webflow.com/5f3a5425e8f6c6802a74a1e2/61d96ffbb984044303024b70_Screenshot%202022-01-08%20at%2012.05.14.png,"During my time working for MoveLab Studio, I did both user experience design and front-end/back-end development. The company size was small, so I was allowed to pick up all sorts of work. The WaterRower Connect app was our main project: a WaterRower is a rowing machine for at-home use that can be connected via bluetooth or USB. ",true,object-oriented-programming,program-outline,Sat Feb 01 2020 00:00:00 GMT+0000 (Coordinated Universal Time),Fri Jul 08 2022 00:00:00 GMT+0000 (Coordinated Universal Time),full-time-work,android-studio; kotlin; github; figma; sql,object-oriented-programming; reactive-programming; software-testing; programming,"<p>During my time working for MoveLab Studio, I did both user experience design and front-end/back-end development. The company size was small, so I was allowed to pick up all sorts of work. The WaterRower Connect app was our main project: a WaterRower is a rowing machine for at-home use that can be connected via bluetooth or USB. </p>",,,,,,,,https://uploads-ssl.webflow.com/5f3a5425e8f6c6802a74a1e2/61d96f06d3ceb84e55179c38_waterrower-01_smaller.jpg,A selection of screens that I've implemented for the WaterRower Connect App.,"<p>Programming at MoveLab taught me many things: patterns, dealing with server requests, clean coding. It also improved my objected oriented programming and reactive programming skills, and many many other things. I started coding Android apps in the beginning of 2020 and since then I have learnt a ton! My bachelor and master education prepared me to be able to learn any coding language (or at least have the faith that I can do so!) and Kotlin was no exception. But having to deal with lifecycles and activities and other Android specific things, brought on new challenges: I'm still learning every day as I'm typing this. It is super fulfilling to think up a feature, write a pitch for it (we use the ShapeUp method by Basecamp, previously Scrum was used) and execute it. It's rare that everything goes smooth from the get-go, but I think this is very much a part of programming.</p>",https://youtu.be/uHejbYyRuLU,"<p>In January 2022, the Premium version of WaterRower Connect was launched. One of its features was ''Rowing Together'', where Premium users can row the same workout at the same time. The idea is that a user can create an ‘’online’’ lobby that other users can join via a link. The lobby is connected to a workout that the host has created. When the host presses ‘’Start’’ in the lobby, this workout will start for all users. They are able to see each others’ live data, giving them the feeling of actually rowing together. I implemented many parts of this feature, from designs to big parts of the navigation and the requests to create the session links and retrieve a session as a guest. This video shows the feature in action, when we tried it with our company team. </p>",
Wearable technology,wearable-technology,5f8af387824476d565e63bc5,653acf41e882f528b3e64bc3,61c184ffbc8a9d78a3cdb278,false,false,Tue Dec 21 2021 07:40:47 GMT+0000 (Coordinated Universal Time),Tue Jan 04 2022 14:03:22 GMT+0000 (Coordinated Universal Time),Tue Jan 04 2022 14:04:49 GMT+0000 (Coordinated Universal Time),https://uploads-ssl.webflow.com/5f3a5425e8f6c6802a74a1e2/61d453a2790b09694ac0536b_bowtie.gif,"During my masters, I met a lot of people who did the bachelor Creative Technology: the ultimate dream for a maker, as they tinkered in almost every single course. And many courses included the use of electronics. As I was discovering sewing, I decided I wanted to incorporate electronics with this hobby to challenge myself even more! I made a bowtie that could react to music.",false,do-it-yourself,naai-outline,Fri Feb 01 2019 00:00:00 GMT+0000 (Coordinated Universal Time),Sat Jun 01 2019 00:00:00 GMT+0000 (Coordinated Universal Time),hobby,prototyping; design-iteration,design; sewing; electronics,"<p>During my masters, I met a lot of people who did the bachelor Creative Technology: the ultimate dream for a maker, as they tinkered in almost every single course. And many courses included the use of electronics. As I was discovering sewing, I decided I wanted to incorporate electronics with this hobby to challenge myself even more! I made a bowtie that could react to music.</p>",,,https://uploads-ssl.webflow.com/5f3a5425e8f6c6802a74a1e2/61c9f78cb9e99b1f1c370464_Screenshot%202021-12-27%20at%2018.27.27.png,I made two bowties that could react to music: one in blue and one in red. ,,,"<p>To make this project work, I needed to first sew the bowtie. This was already a new challenge to me as it needed to be adjustable, fit over one's head (I used clasps) and be sturdy (it needed so-called ''interfacing'' to keep the butterfly in shape). After sewing the bowtie, I hand-sewed electroluminescent wire (EL wire) around the bowtie. This wire was an amazing find, as it is a flexible copper wire. It has a coating of phosphorus, wrapped by a transparant PVC-layer. When a current runs through the wire, it gives an even amount of light everywhere in the wire. I connected the wire to a little box that could regulate it and ran on batteries. There were several options available on the box, such as being sensitive to sound. This meant that the bowtie would do very well at parties, where it can follow the beat of the music.</p>",,,,,,"<p>I made a lot more drawings that contained electronics and clothing. I haven't gotten around to it all, but perhaps in the future! But if not, that is also okay, as this was a really fun first project.</p>"
